:020000040800F2
:1000000078B00024A5030008C1B500086FAD000852
:10001000BDB50008E50A0008C9F7000800000000A7
:10002000000000000000000000000000E5020008E1
:10003000D91A0008000000004103000881BC000834
:10004000BF030008BF030008BF030008BF03000888
:10005000BF030008BF030008BF030008BF03000878
:10006000BF030008BF030008BF030008B514000861
:10007000C5140008D5140008E5140008F51400089C
:10008000BF030008BF030008BF030008851B00086A
:10009000F51B0008BF030008BF030008BF030008EA
:1000A000BF030008BF030008BF030008BF03000828
:1000B00051BE0008BF030008BF030008BF030008CB
:1000C000BF030008BF030008BF030008BF03000808
:1000D00045BB0008D9CE0008BF030008BF030008D5
:1000E000BF030008BF03000800000000BF030008B2
:1000F000BF030008BF030008BF030008BF030008D8
:10010000BF030008BF030008BF030008BF030008C7
:10011000BF030008BF030008BF030008BF030008B7
:10012000BF030008BF030008BF030008BF030008A7
:10013000BF030008BF030008BF030008BF03000897
:1001400000000000000000000000000000000000AF
:10015000BF030008BF030008BF030008BF03000877
:10016000BF030008BF030008BF030008BF03000867
:10017000BF030008C5B50008BF0300080000000069
:10018000BF030008BF030008BF030008BF03000847
:10019000BF030008BF030008BF030008BF03000837
:1001A000BF030008BF030008BF03000800000000F1
:1001B000BF030008BF030008BF030008BF03000817
:1001C000BF030008BF03000800000000000000009B
:1001D0000000000000000000BF0300080000000055
:1001E000000000000000000000000000000000000F
:1001F0000000000000000000BF030008BF0300086B
:10020000BF030008BF03000800000000BF03000890
:10021000BF030008BF030008BF030008BF030008B6
:10022000BF03000800000000BF030008000000003A
:10023000BF030008BF03000800000000BF03000860
:10024000BF030008BF030008BF030008BF03000886
:10025000BF030008BF030008BF030008BF03000876
:10026000BF030008BF030008BF030008BF03000866
:10027000BF030008BF030008BF0300080000000020
:10028000BF030008BF030008BF030008BF03000846
:1002900000000000BF030008BF03000800000000CA
:1002A00000000000BF030008BF030008BF030008F0
:1002B000BF030008BF030008BF030008051C0008B7
:1002C000BF030008BF030008BF030008DFF810D019
:1002D00000F0EEF800480047B1030108AFF30080DA
:1002E00078B000242C4B19680868B0E8F04F80F310
:1002F0000988BFF36F8F4FF0000080F311887047BB
:100300000000000008480068006880F308884FF08B
:10031000000080F3148862B661B6BFF34F8FBFF35D
:100320006F8F00DF00BF00BF08ED00E0DFF80C00BA
:10033000016841F470010160704700BF88ED00E082
:10034000EFF30980BFF36F8F134B1A681EF0100F85
:1003500008BF20ED108A20E9F04F106009B44FF07B
:10036000500080F31188BFF34F8FBFF36F8F10F0F1
:1003700097FF4FF0000080F3118809BC19680868E6
:10038000B0E8F04F1EF0100F08BFB0EC108A80F3F9
:100390000988BFF36F8F704730000024EFF30580AA
:1003A000704700000648804706480047FEE7FEE722
:1003B000FEE7FEE7FEE7FEE7FEE7FEE7FEE7FEE715
:1003C00071BD0008CD0200082DE9F05F0546002050
:1003D00092469B4688460646814640241BE02846B6
:1003E00041464746224600F053F853465A46C01A43
:1003F000914110D311461846224600F03AF82D1AC2
:1004000067EB01084F4622460120002100F031F839
:1004100017EB00094E41201EA4F10104DFDC484621
:1004200031462A464346BDE8F09F40EA01039B0758
:1004300003D009E008C9121F08C0042AFAD203E059
:1004400011F8013B00F8013B521EF9D27047D2B2BD
:1004500001E000F8012B491EFBD270470022F6E7AD
:1004600010B513460A4604461946FFF7F0FF20462A
:1004700010BD202A04DB203A00FA02F10020704768
:100480009140C2F1200320FA03F3194390407047D2
:10049000202A04DB203A21FA02F00021704721FAD9
:1004A00002F3D040C2F12002914008431946704740
:1004B000064C074D06E0E06840F0010394E80700B1
:1004C00098471034AC42F6D3FFF704FFAC1801088C
:1004D000CC18010870B58C1810F8015B15F00703F3
:1004E00001D110F8013B2A1106D110F8012B03E0CD
:1004F00010F8016B01F8016B5B1EF9D12B0705D4D5
:100500000023521E0DD401F8013BFAE710F8013B1D
:10051000CB1A921C03E013F8015B01F8015B521E39
:10052000F9D5A142D8D3002070BD000070B50446B3
:1005300043492068884203D042492068884208D154
:100540004148006800F4403008B1012009E0002073
:1005500007E03E48006800F4403008B1012000E0A8
:100560000020B8B108F0AAFB05466068B0F5803FEE
:1005700006D0B0F5003F04D0B0F5403F08D105E00B
:1005800000BF6068000CB5FBF0F502E0AD0800E0CC
:1005900000BF2BE04FF40020002106F08FFF05463E
:1005A0006068C0F31101F9B980140C281CD2DFE88F
:1005B00000F01B060708090A0B111315171900BFD5
:1005C00000BF00BF00BF00BF6068800C4000B5FBEB
:1005D000F0F50AE02D0908E06D0906E0AD0904E038
:1005E000ED0902E02D0A00E000BF00BF6D081848C9
:1005F000854206D82068806820F4407021688860B1
:100600001DE01448854208D82068806820F44070B6
:1006100040F480702168886011E00F48854208D856
:100620002068806820F4407040F400702168886081
:1006300005E02068806840F440702168886070BDE3
:1006400000200240002102400823024008630258B3
:10065000105E5F0020BCBE0040787D0170B505468D
:10066000AC6B206E00F0500098BB206E40F4007020
:1006700020662068006800F00800A8B120680AF031
:10068000D0FB10B32068C06800F40050E8B9206EB9
:1006900020F480702066206E00F48050A8B9206E8F
:1006A00040F00100206610E02068C06800F0030000
:1006B00058B9206E20F480702066206E00F48050BF
:1006C00018B9206E40F001002066204602F00AF9B9
:1006D0000CE0FFE7206E00F0100018B1204602F099
:1006E00003F903E0A06DC16C2846884770BD70B562
:1006F0000546AC6B206E40F040002066606E40F016
:1007000004006066204602F0EFF870BD70B5044644
:10071000A56B284602F0E7F870BD000070B50446EE
:1007200020680AF060FB064620680AF061FB98B377
:1007300096BB2068806800F00D0001280AD120686F
:1007400081681A4A1140891C816000BF032021681A
:10075000086009E0206E40F010002066606E40F0F6
:1007600001006066012070BD05F01AFB054614E02B
:1007700005F016FB401B02280FD92068806800F0A6
:10078000010050B1206E40F010002066606E40F015
:10079000010060660120E6E705E02068806800F05F
:1007A00001000028E4D10020DDE70000C0FFFF7F4A
:1007B00070B5044620680AF01BFB002851D1206860
:1007C00080682949084048B1206E40F0100020663A
:1007D000606E40F001006066012070BD20680AF084
:1007E000E7FA05F0DDFA0546204A2168914203D078
:1007F0001F4A2168914201D11E4900E01E49084666
:100800000AF0DEFA06461A492068884201D11748E4
:1008100000E020682168884200D00EBB1AE0206802
:100820000AF0E6FA10B920680AF0C2FA05F0B8FA40
:10083000401B02280ED92068006800F0010048B96A
:10084000206E40F010002066606E40F0010060668F
:100850000120C2E72068006800F001000028DED017
:1008600000BF0020B9E700003F00008000200240E8
:1008700000210240002302400063025800BF00F044
:1008800001F8FCE74FF4FA6010F006F80120874900
:1008900081F8600308460FF0CBF884480FF048FB5E
:1008A000824860300FF044FB8048C0300FF0B6FA49
:1008B0007F480FF0B3FA7E4860300FF039FB7C4878
:1008C000C0300FF035FB7B480FF0A8FA7948603054
:1008D0000FF0A4FA7748C0300FF0EEFCE5E0734863
:1008E00090F86003012843D1704A012172480FF04B
:1008F0008FFFDFED720A9FED720A02216E480FF042
:10090000F4FFDFED6E0A9FED6E0A03216A480FF0D7
:10091000ECFFDFED6A0A9FED6A0A042166480FF0DA
:10092000E4FF634A6032052163480FF071FFDFED99
:10093000630A9FED630A06215F480FF0D6FFDFEDE3
:100940005F0A9FED5F0A07215B480FF0CEFFDFEDE6
:100950005B0A9FED5B0A082157480FF0C6FFDFEDE9
:10096000570A9FED570A092153480FF0BEFF8BE04D
:100970009FED532A5348D0ED001A534890ED001ACA
:10098000DFED4F0A9FED4E0A01214B480FF058FD55
:100990009FED4B2A4B48D0ED001A4B4890ED001AC2
:1009A000DFED470A9FED460A022143480FF048FD5C
:1009B0009FED432A4548D0ED001A454890ED001AB6
:1009C000DFED3F0A9FED3E0A03213B480FF0A4FEF6
:1009D0009FED3B2ADFED3A1A9FED391ADFED380A19
:1009E0009FED370A042134480FF096FE9FED342A1C
:1009F0003448D0ED001A344890ED001ADFED300A8B
:100A00009FED2F0A05212C480FF01AFD9FED2C2A8F
:100A10002C48D0ED001A2C4890ED001ADFED280A82
:100A20009FED270A062124480FF00AFD9FED242A96
:100A30002648D0ED001A264890ED001ADFED200A76
:100A40009FED1F0A07211C480FF066FE9FED1C2A30
:100A5000DFED1B1A9FED1A1ADFED190A9FED180A38
:100A6000082115480FF058FE9FED152A1948D0EDC2
:100A7000001A194890ED001ADFED110A9FED100AD7
:100A800009210D480FF0CCFD14480068012808D159
:100A900000220421084810F035FA114800680FF0D0
:100AA000FBFE0F4800680FF0F7FE18E7B88500243A
:100AB000D8860024F8870024840400249A99993E5B
:100AC00000000000E0000024DC000024E800002416
:100AD000E4000024F0000024EC000024F4000024D2
:100AE000D800002400BFFEE70346042B15D007DC26
:100AF0007BB1012B0ED0022B0DD0032B12D10BE0BA
:100B0000202B0BD0212B0AD0222B09D0232B09D14B
:100B100007E008E007E006E005E004E003E002E0AB
:100B200001E000E000BF00BF0020704700207047D8
:100B300010B50022044905480CF077FC044903482D
:100B40000CF064FC002010BD70990024F88B002488
:100B50007091002470B505460C4620680B2879D1A9
:100B60002946B6482268FFF760FCB44800787B2825
:100B700071D1B2490A2000F0C9FBB049897A884294
:100B80006AD1AE484078A8B9AC484078AC4901EB8E
:100B9000C000D0E90020521C40F10000A74949786C
:100BA000A74B03EBC101C1E90020A449A5480FF000
:100BB000D9FAF1E0A1484078012816D19F48407841
:100BC0009F4901EBC000D0E900305A1C40F1000001
:100BD0009A4949789A4B03EBC101C1E90020974932
:100BE000984860300FF0BEFAD6E09448407802286A
:100BF00016D192484078924901EBC000D0E900201C
:100C0000521C40F100008D4949788D4B03EBC10126
:100C1000C1E9002089498B48C0300FF0A3FABBE03E
:100C200086484078032818D184484078844901EBED
:100C3000C000D0E90030591C40F100007F4A5278D2
:100C40007F4B03EBC202C2E900107C497E480FF0E3
:100C500089FAA1E0E2E0DAE0D2E0784840780428BE
:100C600016D176484078764901EBC000D0E90020E3
:100C7000521C40F1000071494978714B03EBC101EE
:100C8000C1E900206D49704860300FF06BFA83E0D5
:100C90006A484078052816D168484078684901EBD1
:100CA000C000D0E90010491C40F10000634A5278AE
:100CB000634B03EBC202C2E9001060496248C030D6
:100CC0000FF050FA68E05D484078062815D15B487F
:100CD00040785B4901EBC000D0E90010491C40F1AD
:100CE0000000564A5278564B03EBC202C2E900108C
:100CF000524956480FF036FA4EE0504840780728DF
:100D000016D14E4840784E4901EBC000D0E9003082
:100D10005A1C40F1000049494978494B03EBC10195
:100D2000C1E900204549494860300FF01BFA33E023
:100D300042484078082816D140484078404901EBA5
:100D4000C000D0E900305A1C40F100003B4949780E
:100D50003B4B03EBC101C1E9002038493B48C0309F
:100D60000FF000FA18E035484078092814D13348CC
:100D70004078334901EBC000D0E90020511C40F11C
:100D800000002E4A52782E4B03EBC202C2E900103B
:100D90002A492F480FF0E6F9284840780A2815D14B
:100DA00026484078264901EBC000D0E90010491CD4
:100DB00040F10000214A5278214B03EBC202C2E904
:100DC00000101E4923480FF0EDF82DE01B48407835
:100DD0000B2829D119484078194901EBC000D0E906
:100DE0000020521C40F1000014494978144B03EBD9
:100DF000C101C1E90020114917480FF0D3F813E0F1
:100E00000E48002101604160018181720CE00B48B5
:100E10000021016041600181817205E007480021E5
:100E2000016041600181817229460C480CF0EEFAA4
:100E30000A480CF0B7FA002070BD0000EC8B0024CB
:100E4000D8900024F48100241483002434840024E6
:100E50005485002438870024B8850024F88B0024AA
:100E600010B503460C460021084610BD2DE9F0419F
:100E700004460D4600260A48D0F8BC72D7F8140282
:100E800010B10120BDE8F0812A46214604480CF04B
:100E9000CCFA03480CF07CFB06463046F2E7000033
:100EA000F88B002400BF00F03FFAFCE700BF00F021
:100EB0006FF8FCE770B504460022052120460FF0CC
:100EC00073FA0022042104F160000FF06DFA002291
:100ED000032104F1C0000FF067FA0022022104F59B
:100EE00090700FF061FA0022012104F5C0700FF03C
:100EF0005BFA002508E02288A18824480FF01AFA3E
:100F000014200FF0C9FC6D1C0A2DF4DB00250AE04B
:100F1000B4F860206420015B1C480FF00BFA142029
:100F20000FF0BAFC6D1C0A2DF2DB00250AE0B4F8C4
:100F3000C020C420015B15480FF0FCF914200FF00D
:100F4000ABFC6D1C0A2DF2DB00250BE0B4F8202170
:100F50004FF49270015B0D480FF0ECF914200FF084
:100F60009BFC6D1C0A2DF1DB00250BE0B4F8802101
:100F70004FF4C270015B05480FF0DCF914200FF04C
:100F80008BFC6D1C0A2DF1DB70BD0000E403002416
:100F90004FF4FA600FF080FC4748FFF78BFF46489C
:100FA0000FF0A6F8444860300FF0A2F84248C03075
:100FB0000FF09EF841480FF09BF8404860300FF06A
:100FC00097F878E03C4890F8C00301281CD13A4AD1
:100FD00005213B480FF01CFC374A60320421384899
:100FE0000FF016FC354A603A032135480FF010FC2B
:100FF000324A022132480FF00BFC304A60320121A4
:101000002F480FF005FC45E09FED2E2ADFED2D1A4D
:101010009FED2C1ADFED2B0A9FED2A0A05212848A7
:101020000FF086FA9FED272ADFED261A9FED251A8D
:10103000DFED240A9FED230A042121480FF078FAFE
:101040009FED202ADFED1F1A9FED1E1ADFED1D0A0E
:101050009FED1C0A03211A480FF06AFA9FED192A26
:10106000DFED181A9FED171ADFED160A9FED150A2E
:10107000022113480FF05CFA9FED122ADFED111ADE
:101080009FED101ADFED0F0A9FED0E0A01210C48AB
:101090000FF04EFA0C480068012808D10022012107
:1010A00007480FF02FFF094800680FF0F5FB0748CD
:1010B00000680FF0F1FB85E7F4810024148300241D
:1010C000E403002400000000AC0000249800002489
:1010D00000BF00F075F8FCE770B50446002205215A
:1010E00004F5F0700FF060F90022042104F510708F
:1010F0000FF05AF90022032104F528700FF054F97B
:101100000022022104F540700FF04EF90022012167
:1011100004F558700FF048F900250BE0B4F8E02111
:101120004FF4F270015B25480FF004F914200FF022
:10113000B3FB6D1C0A2DF1DB00250BE0B4F8402257
:101140004FF41170015B1D480FF0F4F814200FF0FC
:10115000A3FB6D1C0A2DF1DB00250BE0B4F8A022E7
:101160004FF42970015B15480FF0E4F814200FF0DC
:1011700093FB6D1C0A2DF1DB00250BE0B4F8002376
:101180004FF44170015B0D480FF0D4F814200FF0BC
:1011900083FB6D1C0A2DF1DB00250BE0B4F8602306
:1011A0004FF45970015B05480FF0C4F814200FF09C
:1011B00073FB6D1C0A2DF1DB70BD0000440300249D
:1011C0004FF4FA600FF068FB0120494981F8C00331
:1011D0000846FFF781FF47480EF08AFF4548603018
:1011E0000EF086FF4348C0300EF082FF42480EF0FA
:1011F0007FFF414860300EF07BFF78E03C4890F87C
:10120000C00301281CD13B4A05213C480FF000FBDC
:10121000384A6032042139480FF0FAFA364A603A07
:10122000032136480FF0F4FA334A022133480FF015
:10123000EFFA314A6032012130480FF0E9FA45E017
:101240009FED2F2ADFED2E1A9FED2D1ADFED2C0AD0
:101250009FED2B0A052129480FF06AF99FED282AF6
:10126000DFED271A9FED261ADFED250A9FED240AF0
:10127000042122480FF05CF99FED212ADFED201AAE
:101280009FED1F1ADFED1E0A9FED1D0A03211B486B
:101290000FF04EF99FED1A2ADFED191A9FED181A7B
:1012A000DFED170A9FED160A022114480FF040F9EE
:1012B0009FED132ADFED121A9FED111ADFED100AD0
:1012C0009FED0F0A01210D480FF032F90D4800681B
:1012D000012808D10022012108480FF013FE0A4816
:1012E00000680FF0D9FA084800680FF0D5FA85E7D2
:1012F000F4810024D4830024F484002444030024D3
:1013000000000000CC000024B400002410B5024608
:101310000023002003E00C5C6340441CE0B29042D8
:10132000F9DB184610BD0000BAE07B205D4908706B
:10133000002042E000EB40015B4A02EB41110989C9
:10134000C1F3072200EB8001491C564B5A5400EBB5
:101350004001554A02EB41110A7A00EB8001891CD9
:101360005A5400EB4001504A02EB41118989C1F304
:10137000071200EB8001C91C5A5400EB40014A4A95
:1013800002EB4111097B0A0100EB4001464B03EBE4
:101390004111098A42EA2121CAB200EB8001091DEC
:1013A000404B5A5400EB40013F4A02EB41110A7C8A
:1013B00000EB8001491D5A54401C0A28BADB0A2060
:1013C0002FE03A49B1F88811C1F3072200EB800100
:1013D000491C344B5A54354991F8882100EB80015F
:1013E000891C5A543149B1F88C11C1F3071200EB32
:1013F0008001C91C5A542D4991F88C110A012B49BE
:10140000B1F8901142EA2121CAB200EB8001091D16
:101410005A54264991F8902100EB8001491D5A54F5
:10142000401C0B28CDDB0B2029E020490989C1F3A2
:10143000072200EB8001491C1A4B5A541B490A7AB7
:1014400000EB8001891C5A5418498989C1F307129D
:1014500000EB8001C91C5A541449097B0A01134945
:10146000098A42EA2121CAB200EB8001091D5A54BF
:101470000E490A7C00EB8001491D5A54401C0C287F
:10148000D3DB08493D20FFF741FF064981F83D00C5
:101490003E210448FFF7EAFC054800680FF0FCF91C
:1014A00043E70000708B0024F4810024B8850024F9
:1014B0001401002410B5024802F042F910BD0000EA
:1014C000AC05002410B5024802F03AF910BD000046
:1014D0002406002410B5024802F032F910BD0000C5
:1014E000C807002410B5024802F02AF910BD000018
:1014F0004008002410B5024802F022F910BD000097
:10150000CC0200240146374A0868904249D0354A47
:1015100018320868904244D0324A3032086890420B
:101520003FD0304A4832086890423AD02D4A603263
:101530000868904235D02B4A78320868904230D003
:10154000284A9032086890422BD0264AA832086870
:10155000904226D0244A0868904222D0224A18326B
:10156000086890421DD0204A30320868904218D056
:101570001D4A48320868904213D01B4A60320868FE
:1015800090420ED0184A78320868904209D0164A24
:1015900090320868904204D0134AA83208689042FA
:1015A00001D1012000E00020B0B10A78103A1823E0
:1015B000B2FBF3F000F007020C4B9A5CCA650328FB
:1015C00005D90A686FF30902121D8A6503E00A68EB
:1015D0006FF309028A6503E0086820F0FF00886560
:1015E000886D70471000024010040240B8170108CF
:1015F00010B502682B4C0368A34222D0294C143446
:101600000368A3421DD0274C28340368A34218D096
:10161000244C3C340368A34213D0224C503403685A
:10162000A3420ED01F4C64340368A34209D01D4C62
:1016300078340368A34204D01A4C8C340368A34264
:1016400001D1012300E000238BB10378083B14246F
:10165000B3FBF4F1144B03EB81030366124B8033AD
:10166000436601F01F040123A340836618E003785A
:10167000103B1824B3FBF4F10C4B9A4204D80B4BEB
:10168000A83B9A4200D30831094B03EB8103036660
:10169000074B8033436601F01F040123A340836698
:1016A00010BD00000854025800580258B804024007
:1016B000000802400179A9B3082940D8204B0268EC
:1016C0009A4222D01E4B143302689A421DD01C4B02
:1016D000283302689A4218D0194B3C3302689A4268
:1016E00013D0174B503302689A420ED0144B643318
:1016F00002689A4209D0124B783302689A4204D0A9
:101700000F4B8C3302689A4201D1012200E0002283
:101710004AB14A1E0B4B03EB8202C266094A4032B1
:10172000026708E00BE04A1E074B03EB8202C26629
:10173000054A403202674A1E0123934043677047BF
:10174000085402580059025800090240014600207E
:101750008A69D2B98A6A32B1012A0DD0022A03D02D
:10176000032A10D10EE000BFCA6A02F08072B2F103
:10177000807F00D1012007E0CA6AB2F1C07F00D1AA
:10178000012001E000E000BF36E08A69B2F5005FA9
:101790001BD18A6A32B1012A07D0022A03D0032A58
:1017A00011D10AE000BF01200EE0CA6A02F0807287
:1017B000B2F1807F00D1012006E0CA6AB2F1C07F99
:1017C00000D1012000E000BF16E08A6A32B1012A90
:1017D00005D0022A04D0032A0CD103E000BF00BFC9
:1017E000012008E0CA6A02F08072B2F1807F00D165
:1017F000012000E000BF00BF70470000F0B5856D1C
:10180000846D984F0668BE4270D0964F18370668B0
:10181000BE426BD0934F30370668BE4266D0914FC0
:1018200048370668BE4261D08E4F60370668BE42B8
:101830005CD08C4F78370668BE4257D0894F9037BE
:101840000668BE4252D0874FA8370668BE424DD0C8
:10185000854F0668BE4249D0834F18370668BE429E
:1018600044D0814F30370668BE423FD07E4F483764
:101870000668BE423AD07C4F60370668BE4235D01B
:10188000794F78370668BE4230D0774F9037066878
:10189000BE422BD0744FA8370668BE4226D0734F85
:1018A0000668BE4222D0714F14370668BE421DD072
:1018B0006E4F28370668BE4218D06C4F3C3706681A
:1018C000BE4213D0694F50370668BE420ED0674FF4
:1018D00064370668BE4209D0644F78370668BE4256
:1018E00004D0624F8C370668BE4201D1012600E069
:1018F00000263EB1D0E919767E60C66E16B1D0E9F9
:101900001C767E60574F0668BE4249D0554F183747
:101910000668BE4244D0534F30370668BE423FD0BF
:10192000504F48370668BE423AD04E4F603706687F
:10193000BE4235D04B4F78370668BE4230D0494F53
:1019400090370668BE422BD0464FA8370668BE4285
:1019500026D0454F0668BE4222D0434F183706684E
:10196000BE421DD0404F30370668BE4218D03E4FB1
:1019700048370668BE4213D03B4F60370668BE4208
:101980000ED0394F78370668BE4209D0364F9037AF
:101990000668BE4204D0344FA8370668BE4201D163
:1019A000012600E00026DEB190F85C6006F01F071B
:1019B0003F26BE40AE600668366826F4802607687B
:1019C0003E60066873608668402E04D10668B26087
:1019D0000668F16044E00668B1600668F2603FE0C6
:1019E000224F0668BE4222D0204F14370668BE42FE
:1019F0001DD01E4F28370668BE4218D01B4F3C37FB
:101A00000668BE4213D0194F50370668BE420ED04A
:101A1000164F64370668BE4209D0144F78370668FF
:101A2000BE4204D0114F8C370668BE4201D1012658
:101A300000E00026A6B190F85C6006F01F070126C2
:101A4000BE406660066873608668402E04D10668F2
:101A5000B2600668F16003E00668B1600668F26093
:101A6000F0BD00001000024010040240085402586B
:101A70001249096841F08071104A11600021104A32
:101A800051601146096841F0010111600D4941435F
:101A90000D4A1160114609684FF47A72B1FBF2F1F8
:101AA0000A4A116008490968064AB1FBF2F1084A7E
:101AB00011600021074A116070470000FCED00E052
:101AC000001000E040420F00200100242401002407
:101AD000280100242C010024704772B600BFFEE7E5
:101AE00000B589B0002001900290022003900120EF
:101AF000049000200590069001A9204803F0C7F843
:101B000008B1FFF7EAFF00200346022211460090C9
:101B10001A4803F010F908B1FFF7DFFF174804F087
:101B20001DF808B1FFF7D9FF00220121134803F087
:101B300011F808B1FFF7D1FF01A9114803F0A7F888
:101B400008B1FFF7CAFF00200346022211460090A9
:101B50000B4803F0F0F808B1FFF7BFFF00220121A6
:101B6000074802F0F7FF08B1FFF7B7FF044803F09A
:101B7000F5FF08B1FFF7B1FF09B000BD4403002431
:101B80008404002410B5024803F0EEF910BD0000F3
:101B90004403002400B589B0002001900120029088
:101BA00002200390049000200590069001A910489F
:101BB00003F06DF808B1FFF790FF00200346022202
:101BC000114600900A4803F0B6F808B1FFF785FF08
:101BD00000221021064802F0BDFF08B1FFF77DFF8B
:101BE000034803F0BBFF08B1FFF777FF09B000BD62
:101BF000E403002410B5024803F0B6F910BD00005C
:101C0000E403002410B5024803F0AEF910BD000053
:101C10008404002410B501464A6B0868D0F884009B
:101C20004FF6FC74A04340EA82000C68C4F88400BC
:101C30000868D0F8840020F47F04088F44EA00404C
:101C40000C68C4F88400886B02440868D0F88800E7
:101C50004FF6FC74A04340EA82000C68C4F8880088
:101C60000868D0F8880020F4FE04888F44EA004019
:101C70000C68C4F88800C86B02EB40020868D0F812
:101C8000A0004FF6FC74A04340EA82000C68C4F840
:101C9000A0000868D0F8A00020F4FE044020405ABC
:101CA00044EA00400C68C4F8A000D1E9104004FBED
:101CB00000220868D0F8B0004FF6FC74A04340EA58
:101CC00082000C68C4F8B0000868D0F8B00020F4B6
:101CD000FE04B1F8480044EA00400C68C4F8B000C3
:101CE000D1E9124004FB00220868D0F8AC004FF69E
:101CF000FC74A04340EA82000C68C4F8AC00D1E94F
:101D0000144004FB00220868D0F8F0004FF6FC7481
:101D1000A04340EA82000C68C4F8F0000868D0F8DC
:101D2000F00020F47C14B1F8580044EA00400C683C
:101D3000C4F8F000886D02EB40020868D0F8C000DB
:101D40004FF6FC74A04340EA82000C68C4F8C0005F
:101D50000868D0F8C00020F47C14B1F85C0044EAB4
:101D600000400C68C4F8C0000868D0F8C00020F03B
:101D70007C5491F8600044EA00600C68C4F8C0002C
:101D80002A4C486B04EB8000C866CC6E886B04EB71
:101D900080040C670C6FC86B04EBC0044C67D1E97E
:101DA000100460434C6F04EB80048C67D1E912048B
:101DB00060438C6F04EB8004CC67D1E9140460436A
:101DC000CC6F04EB8004802044504458886D04EBB1
:101DD000C004842044508C6EC86D604384246458D1
:101DE00004EB8004882044508C6E086E6043882485
:101DF000645804EB80049020445040580C4CA0429E
:101E000009D99831486840F020004860032001F863
:101E10009809012010BDCB6E02E0002018601B1D48
:101E2000902040589842F8D80020F3E700AC0040DA
:101E3000FCD300402DE9F041054614461E46D1F87A
:101E400004C0BCF1000F0AD1D1F810C0D1F808804D
:101E50004CEA080CB1F800804CEA88430BE0D1F85A
:101E600010C04CF0804CD1F808804CEA080CD1F836
:101E700000804CEA080391F82080D1F81CC04CEA9D
:101E8000086CD1F818804CEA080CD1F814804CEAA0
:101E9000080CB1F80C804CEA0847D5F868C00CFB78
:101EA00006FCD5F8848008EB8C021360121D1760C5
:101EB000121D002019E000F1030C14F80CC04FEAC9
:101EC0000C6800F1020C14F80CC048EA0C4800F150
:101ED000010C14F80CC048EA0C2C14F800804CEAF1
:101EE000080CC2F800C0121D001DDFF81480D1F8E4
:101EF0000CC018F80CC08445DDD8BDE8F0810000A6
:101F0000C017010870B50A480468001D0568001D67
:101F10000668344454B108220649204608F029FFD7
:101F2000042204491031284608F023FF70BD000048
:101F300000E8F11F9E010024F8B504460D46164640
:101F40000020009000BF94F85C00012801D102201D
:101F5000F8BD012084F85C0000BF2046FEF7DEFBE0
:101F60000746A7BB206E20F4885040F00200206690
:101F7000206805F4803141F0004106F080421143B1
:101F80008268194B1A401143816000BF13E000982A
:101F9000401C00901549009888420CD3206E20F018
:101FA000020040F01000206600BF002084F85C00B2
:101FB00000BF0120CCE720688168C90F0029E6D165
:101FC000206E20F0020040F00100206604E0FFE7F0
:101FD000206E40F01000206600BF002084F85C00F6
:101FE00000BF3846B4E70000C0FFFE3F00F8C3253D
:101FF0002DE9F0439DB004460E464FF000083068CE
:1020000000B100BF00BF94F85C00012803D102209A
:102010001DB0BDE8F083012084F85C0000BF002003
:1020200019901A9046492068884202D1454801908B
:1020300001E000200190019850B9206E40F020008E
:10204000206600BF002084F85C0000BF0120DFE7AD
:10205000019808F0E1FE0746206808F0DDFE002840
:1020600061D1002F5FD136492068884203D03549BD
:102070002068884201D1344800E034480546306881
:1020800058B3A86820F4404071680843A8602C4900
:102090002068884203D02B492068884201D12A4811
:1020A00000E02A482849884209D1254808F0A5FEC1
:1020B0008146244808F0A1FE49EA000002E02448D5
:1020C00008F09BFE70BBB16830680843A96840F611
:1020D0001F7291430843A8602BE0A86820F4404099
:1020E000A86017492068884203D0164920688842B2
:1020F00001D1154800E015481349884209D110481C
:1021000008F07BFE81460F4808F077FE49EA0000A0
:1021100002E00F4808F071FE20B9A86840F61F7170
:102120008843A86005E0206E40F0200020664FF054
:10213000010800BF002084F85C0000BF404667E74C
:1021400000200240002102400023024000630258A8
:10215000006002582DE9F84F04460D464FF0000A82
:102160000020009094F84400012800D105E0FE49C9
:102170002068884200D100E000BFFC49E86888423E
:1021800000D00EE0FA492068884200D100BFF9492A
:102190002068884200D100BFF3492068884200D1FE
:1021A00000BF00BF94F85C00012802D10220BDE806
:1021B000F88F012084F85C0000BF206808F027FE3B
:1021C000002876D1286800F00040C8B9E6492068A8
:1021D000884215D02068C1692868C0F3130018B977
:1021E0002868C0F3846004E0286890FAA0F0B0FA90
:1021F00080F000F01F020120904001432068C1617F
:102200002168D5E9002001F1300CC0F3012B0CEB63
:102210008B03D3F800C000F01F0E4FF01F0B0BFA1A
:102220000EFB2CEA0B0C00F01F0BC2F3846E0EFAAF
:102230000BFE4CEA0E0CC3F800C000BF206808F08B
:10224000E6FD8146206808F0C9FD0746B9F1000F98
:102250007ED1002FFCD1AA682968206808F0F2FD21
:10226000C1492068884208D168692168C968C1F3FA
:10227000C101490000FA01F825E0BF48006800F0FC
:102280007040B0F1805F07D168692168C968C1F307
:1022900082014900884015E02068C06800F0100005
:1022A00040B968692168C968C1F382014900884062
:1022B00008E0F2E268692168C96801F01001890844
:1022C000490088408046286904287CD0216843461C
:1022D000D5F810C02A6801F1600B0BEB8C00DFF819
:1022E00088B259450AD1D0F800B002F0F84E4EF04D
:1022F000004E4EEA030EC0F800E00BE0D0F800B04C
:102300000BF0004B02F0F84E4EEA030E4BEA0E0BB8
:10231000C0F800B000BF94492068884231D12068DD
:10232000EA692969904B98420CD100F1600C0CEBE2
:102330008103D3F800C02CF0807C4CEA020CC3F877
:1023400000C000BF00BF206895F82020296900E088
:10235000F5E0012A01D1520600E000221346824A2C
:1023600090420CD100F1600C0CEB8102D2F800C05D
:102370002CF0007C4CEA030CC2F800C000BF00BF88
:1023800021E1206895F821202969012A01D1D2078D
:1023900000E000221346744A90420CD000F1600C19
:1023A0000CEB8102D2F800C02CF0004C4CEA030C7C
:1023B000C2F800C000BF00BF20682B7E2969012B36
:1023C00002D1DB0201E00DE000231A46036923F489
:1023D000F04301F01F0C02FA0CFC43EA0C0303610A
:1023E00000BFF0E060492068884271D10021206878
:1023F00008F0EBFCC0F3130030B90021206808F0AE
:10240000E4FCC0F3846007E00021206808F0DDFCF4
:1024100090FAA0F0B0FA80F02968C1F3130119B95D
:102420002968C1F3846104E0296891FAA1F1B1FA45
:1024300081F1884204D100221146206808F01CFD79
:102440000121206808F0C1FCC0F3130030B901215C
:10245000206808F0BAFCC0F3846007E0012120681E
:1024600008F0B3FC90FAA0F0B0FA80F02968C1F34C
:10247000130119B92968C1F3846104E0296891FA4C
:10248000A1F1B1FA81F1884204D100220121206832
:1024900008F0F2FC0221206808F097FCC0F313005A
:1024A00030B90221206808F090FCC0F3846007E096
:1024B0000221206808F089FC90FAA0F0B0FA80F0C0
:1024C0002968C1F3130121B92968C1F3846105E0CA
:1024D00036E0296891FAA1F1B1FA81F1884204D17C
:1024E00000220221206808F0C7FC0321206808F0C0
:1024F0006CFCC0F3130030B90321206808F065FCC0
:10250000C0F3846007E00321206808F05EFC90FAC5
:10251000A0F0B0FA80F02968C1F3130119B9296855
:10252000C1F3846104E0296891FAA1F1B1FA81F163
:10253000884248D100220321206808F09DFC42E037
:102540002068006E00F0F8402978B0EB816F05D16B
:102550002068006E20F00040216808662068406E08
:1025600000F0F840297809E0006002580000FF47B9
:1025700000200240002102400010005CB0EB816F9F
:1025800005D12068406E20F0004021684866206830
:10259000806E00F0F8402978B0EB816F05D120689B
:1025A000806E20F00040216888662068C06E00F0D0
:1025B000F8402978B0EB816F05D12068C06E20F01B
:1025C00000402168C866206808F012FC00286FD11E
:1025D0002068EA682968B74B984212D1D0F8B03029
:1025E000C1F3130C23EA0C0302F0180BDFF8C8C286
:1025F0002CFA0BFC0CEA010C43EA0C03C0F8B030D7
:1026000011E0D0F8C030C1F3130C23EA0C0302F040
:10261000180BDFF8A4C22CFA0BFC0CEA010C43EAFD
:102620000C03C0F8C03000BFA449E86888427DD1DF
:102630002B68C3F313031BB92B68C3F3846304E053
:102640002B6893FAA3F3B3FA83F35B1C03F01F0325
:10265000092B3FD82B68C3F313031BB92B68C3F3B3
:10266000846304E02B6893FAA3F3B3FA83F35B1C4F
:1026700003F01F034FF0010C0CFA03FC2B68C3F3AB
:1026800013031BB92B68C3F3846304E02B6893FA2C
:10269000A3F3B3FA83F35B1C03F01F034CEA836CD0
:1026A0002B68C3F3130323B92B68C3F3846305E0DA
:1026B000B1E02B6893FAA3F3B3FA83F35B1C03F046
:1026C0001F0303EB43034FF0000B4BEA03534CEAA9
:1026D000030340E02B68C3F313031BB92B68C3F358
:1026E000846304E02B6893FAA3F3B3FA83F35B1CCF
:1026F00003F01F034FF0010C0CFA03FC2B68C3F32B
:1027000013031BB92B68C3F3846304E02B6893FAAB
:10271000A3F3B3FA83F35B1C03F01F034CEA836C4F
:102720002B68C3F313032BB92B6800E018E0C3F345
:10273000846304E02B6893FAA3F3B3FA83F35B1C7E
:1027400003F01F030A3B03EB43034FF0007B4BEA0C
:1027500003534CEA03031946AA68206808F072FB89
:10276000286800F00040002855D0554A2168914261
:1027700003D0544A2168914201D1534900E05349A2
:102780000846816801F0E07600BF4D492068884224
:1027900003D04C492068884201D14B4800E04B48A7
:1027A0004949884209D1464808F022FB83464548FA
:1027B00008F01EFB4BEA000002E03E4808F018FB60
:1027C000F0BB43492868884226D106F4000018BBB4
:1027D00038492068884266D1394B22689A4203D032
:1027E000384B22689A4201D1374A00E0374A1046F6
:1027F00046F4000108F03AFB364800683649B0FB61
:10280000F1F0401C4000009002E00098401E009053
:1028100000980028F9D146E030492868884219D14B
:1028200006F08070B0B92349206888423BD1244B20
:1028300022689A4203D0234B22689A4203D100E0D7
:1028400024E0214A00E0214A104646F0807108F059
:102850000DFB28E022492868884224D106F4800034
:1028600008BB1449206888421DD1154B22689A4242
:1028700003D0144B22689A4201D1134A00E0134A54
:10288000104646F4800108F0F1FA0CE0206E40F0AA
:10289000200020664FF0010A05E0206E40F0200085
:1028A00020664FF0010A00BF002084F85C0000BFE2
:1028B00050467CE400600258FFFF0F000000FF4715
:1028C0000020024000210240002302400063025821
:1028D000000052C728000024400D0300000021C35F
:1028E000000084CB70477047704700002DE9F84F17
:1028F00004464FF000090020009014B90120BDE803
:10290000F88F206920B12020005D012800D100BF90
:10291000206E30B9204600F089F90020606684F806
:102920005C0020688168C1F3407131B12068816822
:10293000B24A1140816000BF00BF206808F062FA0F
:10294000A8B920688168AE4A114041F08051816089
:1029500000BFAC480068AC49B0FBF1F0401C0090EF
:1029600002E00098401E009000980028F9D12068ED
:1029700008F048FA48B9206E40F010002066606EFA
:1029800040F0010060664FF00109206808F03FFA4E
:102990000646206E00F0100000287DD1002EFCD1EC
:1029A000206E20F4807040F002002066206808F05D
:1029B0001FFA78BB95492068884203D09449206863
:1029C000884201D1934800E093489249884209D156
:1029D0008E4808F00DFA82468D4808F009FA4AEA56
:1029E000000002E08D4808F003FA98B9874B22688E
:1029F0009A4203D0864B22689A4201D1854A00E070
:102A0000854A10466168826822F47C120A4382601B
:102A100000BF00BF81492068884223D1607EE16BFE
:102A200041EA4030E1680843A168082901D100214A
:102A30000FE0A1680C2901D104210AE0A1681C293A
:102A400001D1082105E0A168182901D11C2100E06D
:102A5000002101F00C0140EA41012020005D41EA23
:102A6000004509E0607EE16B41EA4030A16808431F
:102A70002021095D40EA01452020005D012803D1A5
:102A8000A08C401E45EA4045A06A38B1208D00F474
:102A90007870E16A084300E0A7E005435F492068D9
:102AA00088420FD12068C0685D49084028432168EA
:102AB000C8602068006920F04060616B08432168AD
:102AC000086106E02068C06856490840284321682C
:102AD000C860206808F09BF98046206808F07EF9FD
:102AE0000746B8F1000F66D1002F64D14B4920682A
:102AF000884206D1207E810394F8380041EA4005DF
:102B000003E0207E216B41EA80352068C06844F2F2
:102B10000301884328432168C86094F844000128D1
:102B200034D13E492068884200D100E000BFA06A4D
:102B300008B1E06A00B900BF38492068884210D166
:102B4000A06C40F00101E06C0843216D0843616D09
:102B5000084321680969344A114008432168086123
:102B60001AE0B4F84800401E012141EA0041E06C3F
:102B70000843216D0843616D0843216809692A4AA9
:102B8000521E114008432168086105E02068006971
:102B900020F00100216808612068006920F0704081
:102BA000216C0843216808611C492068884202D0D2
:102BB0002046FDF7BBFC2069012809D12068006B85
:102BC00020F00F00E169491E08432168086305E011
:102BD0002068006B20F00F0021680863206E20F051
:102BE000020040F00100206605E0206E40F0100079
:102BF00020664FF00109484681E60000C0FFFF5FF4
:102C0000C0FFFF7F28000024400D03000020024089
:102C10000021024000230240006302580060025875
:102C20000740F0FF03C0F0FF1FF800FC10B5B6B07E
:102C30000446142130A8FDF711FCB82102A8FDF7C5
:102C40000DFC40492068884279D14FF400210020D2
:102C5000CDE9021002200C9019210D9102210E9154
:102C600001210F91032110918902119100211291EC
:102C70001391C0032A9002A804F0F6FF08B1FEF7F2
:102C80002CFF00BF3048006840F020002E4908604B
:102C90000846006800F02000019000BF00BF00BFA0
:102CA00029480830006840F00100274908310860D1
:102CB0000846006800F00100019000BF00BF00BF9F
:102CC0000846006840F0040008600846006800F00C
:102CD0000400019000BF00BF2020309003203190FD
:102CE0000020329030A9194802F05CFF102030908B
:102CF000032031900020329030A9154802F052FF95
:102D00001448154908600920486000211248816074
:102D1000C1604FF4806101614900416189008161B6
:102D20004911C16100210162416201F085FA08B1D7
:102D3000FEF7D3FE00BF0848A065846300BF36B02D
:102D400010BD000000200240D84402580000025884
:102D50000008025870000240CC0200242DE9F04126
:102D600004460F469046514A2168914203D0504A8A
:102D70002168914201D14F4900E04F49084608F0CF
:102D80001FF80646206808F042F800287CD100BFF2
:102D900094F85C00012802D10220BDE8F0810120F6
:102DA00084F85C0000BF1EB1052E01D0092E73D13E
:102DB0002046FDF7FDFC0546002D68D1206E40F64B
:102DC0000161884340F48070206639492068884258
:102DD00001D1364800E020682168884200D01EB941
:102DE000206E20F480102066206E00F4805020B108
:102DF000606E20F00600606601E0002060662F48EB
:102E0000A16DC8632E48A16D08642E48A16DC864E9
:102E10001C202168086000BF002084F85C0000BF0F
:102E20002068406840F0100021684860264920680A
:102E3000884213D194F8382051002068224A9042E9
:102E400004D1C26822F003020A43C26000BF2068B6
:102E5000C16841F00101C16000BF08E0216B20683A
:102E6000C26822F003020A43C26000BF00BF2268AA
:102E700002F1400143463A46A06D01F067FC054669
:102E8000206807F0D7FF0EE00CE005E0FFE700BF89
:102E9000002084F85C0006E0012500BF002084F8D3
:102EA0005C0000E00225284677E700000020024091
:102EB0000021024000230240006302585D06000822
:102EC0000D070008EF060008006002582DE9F041E8
:102ED000044602F065FF804614B90120BDE8F08188
:102EE00094F83500022808D08020606500BF0020DB
:102EF00084F8340000BF0120F0E7FE4920688842D2
:102F000049D0FC4918312068884244D0F949303111
:102F1000206888423FD0F7494831206888423AD03B
:102F2000F44960312068884235D0F2497831206810
:102F3000884230D0EF499031206888422BD0ED494B
:102F4000A8312068884226D0EB492068884222D0E8
:102F5000E9491831206888421DD0E749303120689E
:102F6000884218D0E44948312068884213D0E249A9
:102F70006031206888420ED0DF497831206888426D
:102F800009D0DD4990312068884204D0DA49A8315F
:102F90002068884201D1012000E0002068B120684B
:102FA000006820F01E00216808602068406920F059
:102FB000800021684861256806E02068006820F0EC
:102FC0000E00216808602568CA492068884270D0D0
:102FD000C8491831206888426BD0C6493031206812
:102FE000884266D0C34948312068884261D0C149CF
:102FF0006031206888425CD0BE49783120688842C0
:1030000057D0BC4990312068884252D0B949A83184
:10301000206888424DD0B8492068884249D0B649D6
:1030200018312068884244D0B34930312068884242
:103030003FD0B1494831206888423AD0AE4960312A
:103040002068884235D0AC4978312068884230D039
:10305000A9499031206888422BD0A749A83120681F
:10306000884226D0A5492068884222D0A34914313D
:10307000206888421DD0A14928312068884218D094
:103080009E493C312068884213D09C4950312068C9
:1030900088420ED0994964312068884209D0974906
:1030A00078312068884204D094498C312068884265
:1030B00001D1012000E0002028B1206E006820F43A
:1030C0008070216E08608B492068884249D0894908
:1030D00018312068884244D08649303120688842BF
:1030E0003FD084494831206888423AD081496031D4
:1030F0002068884235D07F4978312068884230D0B6
:103100007C499031206888422BD07A49A8312068C8
:10311000884226D078492068884222D076491831E2
:10312000206888421DD0744930312068884218D008
:10313000714948312068884213D06F496031206856
:1031400088420ED06C4978312068884209D06A499B
:1031500090312068884204D06749A83120688842AD
:1031600006D12068006820F001002168086005E0B1
:103170002068006820F001002168086011E002F07A
:103180000FFEA0EB080005280BD920206065032066
:1031900084F8350000BF002084F8340000BF01200F
:1031A0009CE6286800F001000028E8D15149206819
:1031B000884249D04F4918312068884244D04D494F
:1031C0003031206888423FD04A49483120688842DF
:1031D0003AD0484960312068884235D04549783135
:1031E0002068884230D043499031206888422BD0F3
:1031F0004049A8312068884226D03F49206888424B
:1032000022D03D491831206888421DD03A493031DA
:103210002068884218D0384948312068884213D045
:1032200035496031206888420ED0334978312068B2
:10323000884209D0304990312068884204D02E4914
:10324000A8312068884201D1012000E0002040B16F
:10325000A66D94F85C0000F01F013F208840B0602C
:1032600007E0A76D94F85C0000F01F010120884082
:10327000786020492068884276D01E49183120683D
:10328000884271D01B493031206888426CD019497E
:1032900048312068884267D01649603120688842EA
:1032A00062D014497831206888425DD0114990314C
:1032B0002068884258D00F49A8312068884253D0EE
:1032C0000D49206888424FD00B4918312068884248
:1032D0004AD0094930312068884245D006494831F2
:1032E0002068884240D004496031206888423BD041
:1032F000014905E010000240100402400854025841
:103300007831206888422FD02549206888422BD008
:10331000234918312068884226D0224920688842F3
:1033200022D020491431206888421DD01D492831FF
:103330002068884218D01B493C312068884213D04D
:1033400018495031206888420ED0164964312068EF
:10335000884209D0134978312068884204D0114945
:103360008C312068884201D1012000E0002068B142
:10337000D4E919104860E06E40B1E06E006820F4B6
:103380008070E16E0860D4E91C104860012084F868
:10339000350000BF002084F8340000BF00BF9DE569
:1033A000A00402400854025870B504460CB901202C
:1033B00070BD94F83500022803D08020606501209C
:1033C000F6E7DC492068884249D0DA49183120689C
:1033D000884244D0D7493031206888423FD0D5490F
:1033E0004831206888423AD0D2496031206888420A
:1033F00035D0D04978312068884230D0CD499031DD
:10340000206888422BD0CB49A8312068884226D03A
:10341000C9492068884222D0C749183120688842AB
:103420001DD0C54930312068884218D0C249483182
:103430002068884213D0C0496031206888420ED08D
:10344000BD4978312068884209D0BB499031206855
:10345000884204D0B849A8312068884201D10120AF
:1034600000E00020F0B3042084F83500B149206862
:1034700088424BD0AF4918312068884246D0AD49C8
:1034800030312068884241D0AA49483120688842BA
:103490003CD0A84960312068884237D0A5497831AE
:1034A0002068884232D0A3499031206888422DD0CC
:1034B000A049A8312068884228D09F4920688842C6
:1034C00024D09D491831206888421FD09A49303154
:1034D000206888421AD0984948312068884215D01F
:1034E000954900E020E06031206888420ED0924982
:1034F00078312068884209D08F499031206888420D
:1035000004D08D49A8312068884206D1206800681F
:1035100020F001002168086009E12068006820F0BF
:1035200001002168086002E12068006820F00E00B8
:10353000216808607F492068884249D07D49183158
:103540002068884244D07B493031206888423FD08F
:1035500078494831206888423AD0764960312068FD
:10356000884235D0734978312068884230D071491B
:103570009031206888422BD06E49A831206888425B
:1035800026D06D492068884222D06B4918312068C6
:1035900088421DD0684930312068884218D0664979
:1035A00048312068884213D06349603120688842DE
:1035B0000ED0614978312068884209D05E49903147
:1035C0002068884204D05C49A8312068884206D12E
:1035D0002068006820F001002168086005E020688C
:1035E000006820F001002168086052492068884284
:1035F00070D050491831206888426BD04D49303125
:103600002068884266D04B4948312068884261D0A2
:1036100048496031206888425CD04649783120684A
:10362000884257D0434990312068884252D041495E
:10363000A831206888424DD03F492068884249D04F
:103640003D4918312068884244D03B4930312068D8
:1036500088423FD038494831206888423AD03649BC
:1036600060312068884235D03349783120688842FB
:1036700030D031499031206888422BD02E49A83172
:103680002068884226D02D492068884222D02B49C4
:103690001431206888421DD028492831206888428A
:1036A00018D026493C312068884213D02349503134
:1036B000206888420ED0214964312068884209D0B0
:1036C0001E4978312068884204D01C498C3120681A
:1036D000884201D1012000E00020D8B1206E0068AE
:1036E00020F48070216E0860A56D94F85C0000F0F5
:1036F0001F01012088406860D4E919104860E06E1D
:1037000040B1E06E006820F48070E16E0860D4E99A
:103710001C104860012084F8350000BF002084F8A8
:10372000340000BF206D10B12046216D8847002075
:103730003EE6000010000240100402400854025807
:103740002DE9F84F044600200090FE4800684FF431
:103750001651B0FBF1FAA66DD4F858803768D8F846
:103760000090F9492068884249D0F749183120680B
:10377000884244D0F4493031206888423FD0F24931
:103780004831206888423AD0EF4960312068884249
:1037900035D0ED4978312068884230D0EA499031FF
:1037A000206888422BD0E849A8312068884226D07A
:1037B000E6492068884222D0E449183120688842CE
:1037C0001DD0E24930312068884218D0DF494831A5
:1037D0002068884213D0DD496031206888420ED0CD
:1037E000DA4978312068884209D0D8499031206878
:1037F000884204D0D549A8312068884201D10120EF
:1038000000E0002000287DD094F85C0000F01F014B
:10381000082088403840002868D0CB49206888427A
:1038200049D0C94918312068884244D0C64930314E
:10383000206888423FD0C4494831206888423AD045
:10384000C14960312068884235D0BF49783120684D
:10385000884230D0BC499031206888422BD0BA4988
:10386000A8312068884226D0B8492068884222D0F2
:10387000B6491831206888421DD0B44930312068DB
:10388000884218D0B14948312068884213D0AF49E6
:103890006031206888420ED0AC4978312068884277
:1038A00009D0AA4990312068884204D0A749A8319C
:1038B0002068884204D12068006800F0040003E01A
:1038C0002068006800F0080080B12068006820F0DF
:1038D00004002168086094F85C0000F01F010820D3
:1038E0008840B060606D40F00100606594F85C0055
:1038F00000F01F01012088403840E8B39249206859
:10390000884200E0B7E24BD08F49183120688842E6
:1039100046D08D4930312068884241D08A494831AB
:10392000206888423CD0884960312068884237D07E
:10393000854978312068884232D0834990312068A7
:1039400088422DD08049A8312068884228D07F49FC
:103950002068884224D07D491831206888421FD0D1
:103960007A493031206888421AD078494831206835
:10397000884215D0754900E026E060312068884211
:103980000ED0724978312068884209D06F49903151
:103990002068884204D06D49A8312068884204D14B
:1039A0002068406900F0800002E020680068002084
:1039B00050B194F85C0000F01F0101208840B06015
:1039C000606D40F00200606594F85C0000F01F013B
:1039D000042088403840E8B35B49206888424BD0D7
:1039E000594918312068884246D0574930312068FB
:1039F000884241D054494831206888423CD05249DD
:103A000060312068884237D04F4978312068884239
:103A100032D04D499031206888422DD04A49A83192
:103A20002068884228D049492068884224D04749E4
:103A30001831206888421FD04449303120688842BC
:103A40001AD0424948312068884215D03F49603138
:103A5000206800E024E088420ED03C49783120689C
:103A6000884209D0394990312068884204D03749CA
:103A7000A8312068884204D12068006800F0020064
:103A800002E020680068002050B194F85C0000F06B
:103A90001F0104208840B060606D40F00400606544
:103AA00094F85C0000F01F01102088403840E8B313
:103AB00025492068884251D023491831206888421E
:103AC0004CD0214930312068884247D01E494831C6
:103AD0002068884242D01C496031206888423DD02D
:103AE000194978312068884238D0174990312068C8
:103AF000884233D01449A831206888422ED0134917
:103B0000206888422AD0114918312068884225D07F
:103B10000E4930312068884220D00C494831206855
:103B200088421BD009496031206800E04DE088429E
:103B300014D006497831206888420FD0034990316B
:103B4000206805E028000024100002401004024014
:103B5000884203D0FE492068884204D1206800686A
:103B600000F0080003E02068006800F0040060B383
:103B700094F85C0000F01F0110208840B0602068BD
:103B8000006800F4802080B12068006800F4002004
:103B900028B9206CC8B12046216C884715E0A06C7C
:103BA00098B12046A16C88470FE02068006800F4B7
:103BB000807028B92068006820F00800216808603B
:103BC000206C10B12046216C884794F85C0000F00E
:103BD0001F0120208840384000287DD0DD49206822
:103BE000884249D0DB4918312068884244D0D949FD
:103BF0003031206888423FD0D64948312068884219
:103C00003AD0D44960312068884235D0D1497831E2
:103C10002068884230D0CF499031206888422BD02C
:103C2000CC49A8312068884226D0C949A8392068E3
:103C3000884221D0C6499039206888421CD0C449A6
:103C400078392068884217D0C14960392068884295
:103C500012D0BF494839206888420DD0BC4930395C
:103C60002068884208D0BA4918392068884203D0B1
:103C7000B7492068884204D12068006800F010002D
:103C800003E02068006800F0020028B394F85C00AC
:103C900000F01F0120208840B06094F8350004280F
:103CA0002DD12068006820F0160021680860206887
:103CB000406920F0800021684861206C08B9A06C40
:103CC00028B12068006820F008002168086094F896
:103CD0005C0000F01F0100E03FE03F208840B06042
:103CE000012084F8350000BF002084F8340000BFB4
:103CF000206D10B12046216D8847BDE8F88F2068FF
:103D0000006800F4802080B12068006800F4002082
:103D100028B9606C08B32046616C88471DE0E06BF1
:103D2000D8B12046E16B884717E02068006800F4AE
:103D3000807068B92068006820F010002168086071
:103D4000012084F8350000BF002084F8340000BF53
:103D5000E06B10B12046E16B8847606D00287AD097
:103D6000606D00F00100E8B3042084F83500794963
:103D7000206888424BD0774918312068884246D065
:103D8000744930312068884241D0724948312068F6
:103D900088423CD06F4960312068884237D06D49F5
:103DA00078312068884232D06A4990312068884250
:103DB0002DD06849A8312068884228D06449A839A4
:103DC0002068884223D062499039206888421ED0FA
:103DD0005F4978392068884219D05D496039206888
:103DE000884200E040E012D05949483920688842B2
:103DF0000DD0574930392068884208D054491839C5
:103E00002068884203D052492068884206D1206841
:103E1000006820F001002168086005E02068006863
:103E200020F001002168086000BF0098401C00904D
:103E3000504500D905E02068006800F00100002826
:103E4000F3D100BF2068006800F0010020B103201A
:103E500084F8350003E00DE0012084F8350000BF50
:103E6000002084F8340000BFE06C002802D0204617
:103E7000E16C8847D9E138492068884222D0364928
:103E80001431206888421DD0334928312068884287
:103E900018D031493C312068884213D02E49503126
:103EA000206888420ED02C4964312068884209D0AD
:103EB000294978312068884204D027498C3120680C
:103EC000884201D1012000E000200028D2D02068E3
:103ED000056894F85C0000F01F010420884000EAA7
:103EE0000900D8B305F00400C0B394F85C0000F0FA
:103EF0001F0104208840C8F8040005F4004080B188
:103F000005F4803030B9A06C0028B3D02046A16CF5
:103F100088478AE1206C0028ACD02046216C884775
:103F200083E105F02000E8BB0A492068884253D0AD
:103F300008491831206888424ED00649303120683F
:103F4000884249D0034948312068884244D006E07D
:103F5000B804024010000240085402584FE0B4492F
:103F600060312068884237D0B14978312068884272
:103F700032D0AF499031206888422DD0AC49A83169
:103F80002068884228D0AB492068884224D0A949BB
:103F90001831206888421FD0A649303120688842F5
:103FA0001AD000E025E0A34948312068884213D0A8
:103FB000A0496031206888420ED09E49783120683F
:103FC000884209D09B4990312068884204D09949A1
:103FD000A8312068884206D12068006820F00800D7
:103FE0002168086005E02068006820F0040021686E
:103FF0000860206C10B32046216C884715E194F8C6
:104000005C0000F01F010220884000EA0900E8B3CC
:1040100005F00200D0B394F85C0000F01F0102200C
:104020008840C8F8040005F4004070B105F4803001
:1040300028B9606C10B12046616C8847F5E0E06BF0
:10404000F0B32046E16B8847EFE005F02000C0BBED
:104050007749206888424ED07549183120688842D7
:1040600049D0734930312068884244D07049483182
:10407000206888423FD06E496031206888423AD03B
:104080006B4978312068884235D000E04EE06849BD
:104090009031206888422ED06549A8312068884236
:1040A00029D064492068884225D0624918312068A7
:1040B000884220D05F493031206888421BD001E01F
:1040C0006EE02DE05B4948312068884213D05949A1
:1040D0006031206888420ED0564978312068884285
:1040E00009D0544990312068884204D05149A83100
:1040F0002068884206D12068006820F014002168FA
:10410000086005E02068006820F00A002168086067
:10411000012084F8350000BF002084F8340000BF7F
:10412000E06BE8B32046E16B88477EE094F85C00E2
:1041300000F01F010820884000EA090080B305F064
:10414000080068B33A49206888424BD03849183192
:104150002068884246D0364930312068884241D0B4
:1041600033494831206888423CD031496031206869
:10417000884237D02E4978312068884232D02C4985
:104180009031206888422DD02949A8312068884282
:1041900028D028492068884224D02649183100E0D8
:1041A00043E0206888421DD022493031206888428F
:1041B00018D0204948312068884213D01D49603109
:1041C000206888420ED01B4978312068884209D087
:1041D000184990312068884204D01649A8312068D7
:1041E000884206D12068006820F01C002168086021
:1041F00005E02068006820F00E002168086094F84F
:104200005C0000F01F0101208840C8F80400012074
:10421000606584F8350000BF002084F8340000BFDA
:10422000E06C10B12046E16C884700BF65E50000F6
:1042300010000240100402402DE9F041044601F054
:10424000AFFD804614B90120BDE8F081FE49206829
:10425000884249D0FC4918312068884244D0FA4944
:104260003031206888423FD0F74948312068884281
:104270003AD0F54960312068884235D0F24978312A
:104280002068884230D0F0499031206888422BD095
:10429000ED49A8312068884226D0EC492068884240
:1042A00022D0EA491831206888421DD0E7493031D0
:1042B0002068884218D0E54948312068884213D0E8
:1042C000E2496031206888420ED0E04978312068A8
:1042D000884209D0DD4990312068884204D0DB490A
:1042E000A8312068884201D1012000E00020002888
:1042F00073D0606A00B100BF022084F8350000BFAF
:10430000002084F8340000BFCF492068884249D09B
:10431000CD4918312068884244D0CB4930312068DB
:1043200088423FD0C8494831206888423AD0C649BF
:1043300060312068884235D0C3497831206888428E
:1043400030D0C1499031206888422BD0BE49A83175
:104350002068884226D0BD492068884222D0BB49C7
:104360001831206888421DD0B84930312068884211
:1043700018D0B64948312068884213D0B34960311B
:10438000206888420ED0B14978312068884209D02F
:10439000AE4990312068884204D0AC49A8312068E9
:1043A000884206D12068006820F00100216808607A
:1043B00005E02068006820F00100216808600DE039
:1043C00001F0EEFCA0EB0800052807D9202060656D
:1043D000032084F83500012036E769E02068006892
:1043E00000F001000028EBD12068056898480540DE
:1043F000D4E9020108432169084361690843A169BE
:104400000843E1690843216A08430543606A0428B8
:1044100003D1D4E90B01084305436068292802D37E
:1044200060682E2817D960683F2802D36068422848
:1044300011D96068472802D3606848280BD96068A2
:104440004F2802D36068522805D96068742804D3C5
:104450006068772801D8012000E0002008B145F409
:104460008015206805602068456925F00705606AA9
:104470000543606A04280DD1A06A0543E06A48B18B
:104480002046FDF763F928B140206065012084F8DB
:104490003500D9E6206845612046FDF733F8064629
:1044A00094F85C0000F01F013F208840B0609EE05F
:1044B00068492068884222D06649143120688842C1
:1044C0001DD0644928312068884218D061493C31A8
:1044D0002068884213D05F495031206888420ED04E
:1044E0005C4964312068884209D05A497831206893
:1044F000884204D057498C312068884201D101207C
:1045000000E00020E0B353492068884222D051499E
:104510001431206888421DD04E49283120688842D5
:1045200018D04C493C312068884213D04949503159
:10453000206888420ED0474964312068884209D0FB
:10454000444978312068884204D042498C3120683F
:10455000884201D1012000E0002000B100BF02200C
:1045600084F8350000BF002084F8340000BF2068C4
:10457000056839480540A068402802D1102106E0AE
:104580002EE0A068802801D1C10100E00021E06890
:1045900041EAD001206941EAD001606941EAD001D5
:1045A000A06941EAD001E06941EAD001206A41EA0C
:1045B000101005432068056026492068401A142120
:1045C000B0FBF1F08000E0652046FCF79BFF07465A
:1045D00094F85C0000F01F0101208840786006E03C
:1045E00040206065032084F8350001202CE6164940
:1045F000206888427AD0144918312068884275D0E2
:10460000114930312068884270D00F494831206804
:1046100088426BD00C4960312068884266D00A49D4
:1046200078312068884261D00749903120688842FB
:104630005CD00549A8312068884257D003492068DA
:10464000884253D0014909E01000024010040240A2
:104650003F8010FE085402580F00FEFF18312068FA
:10466000884243D03749206888423FD035491831C5
:10467000206888423AD0334930312068884235D0AA
:10468000304948312068884230D02E496031206856
:1046900088422BD02B4978312068884226D02A497D
:1046A0002068884222D028491431206888421DD0D1
:1046B000254928312068884218D023493C31206898
:1046C000884213D020495031206888420ED01E49BC
:1046D00064312068884209D01B49783120688842BB
:1046E00004D019498C312068884201D1012000E0B2
:1046F000002000B32046FCF77BFFA068802801D192
:10470000002060602079216E0860D4E919104860AB
:10471000606860B16068082809D82046FCF7CAFFC5
:104720000020E16E0860D4E91C10486003E000201E
:10473000E0662067606700206065012084F835002E
:10474000002081E540040240085402582DE9F04160
:1047500004460D4616461F464FF0000814B90120C6
:10476000BDE8F08100BF94F83400012801D1022097
:10477000F6E7012084F8340000BF94F835000128E2
:104780007ED1022084F8350000206065E44920686D
:10479000884249D0E24918312068884244D0E04933
:1047A0003031206888423FD0DD4948312068884256
:1047B0003AD0DB4960312068884235D0D849783119
:1047C0002068884230D0D6499031206888422BD06A
:1047D000D349A8312068884226D0D249206888422F
:1047E00022D0D0491831206888421DD0CD493031BF
:1047F0002068884218D0CB4948312068884213D0BD
:10480000C8496031206888420ED0C6497831206896
:10481000884209D0C34990312068884204D0C149F8
:10482000A8312068884206D12068006820F0010085
:104830002168086005E02068006820F00100216818
:1048400008603B46324629462046FCF7D7FFB4496C
:10485000206888424BD0B24918312068884246D03F
:10486000AF4930312068884241D0AD494831206895
:1048700088423CD0AA4960312068884237D000E0A5
:1048800042E1A74978312068884230D0A44990316C
:10489000206888422BD0A249A8312068884226D0BF
:1048A000A0492068884222D09E4918312068884259
:1048B0001DD09C4930312068884218D09949483130
:1048C0002068884213D097496031206888420ED012
:1048D000944978312068884209D092499031206803
:1048E000884204D08F49A8312068884201D1012034
:1048F00000E0002080B12068006820F01E0040F039
:10490000160021680860206CB0B12068006840F093
:104910000800216808600FE02068006820F00E00A1
:1049200040F00A0021680860206C28B12068006807
:1049300040F004002168086079492068884270D0FE
:1049400077491831206888426BD07549303120682A
:10495000884266D0724948312068884261D07049E7
:104960006031206888425CD06D4978312068884287
:1049700057D06B4990312068884252D06849A8319D
:10498000206888424DD067492068884249D06549EF
:1049900018312068884244D062493031206888420A
:1049A0003FD060494831206888423AD05D49603143
:1049B0002068884235D05B4978312068884230D001
:1049C00058499031206888422BD05649A831206838
:1049D000884226D054492068884222D05249143156
:1049E000206888421DD0504928312068884218D05C
:1049F0004D493C312068884213D04B4950312068E2
:104A000088420ED0484964312068884209D046491E
:104A100078312068884204D043498C31206888422C
:104A200001D1012000E0002090B1206E006800F468
:104A3000803028B1206E006840F48070216E0860DC
:104A4000E06E28B1E06E006840F48070E16E0860AE
:104A500033492068884249D031491831206888425A
:104A600044D02F493031206888423FD02C4948310A
:104A7000206888423AD02A4960312068884235D07F
:104A8000274978312068884230D025499031206804
:104A900088422BD02249A8312068884226D021495B
:104AA0002068884222D01F491831206888421DD0D2
:104AB0001C4930312068884218D01A494831206892
:104AC000884213D017496031206888420ED01549BA
:104AD00078312068884209D0124990312068884294
:104AE00004D01049A8312068884206D120680068A7
:104AF00040F001002168086010E02068006840F084
:104B000001002168086009E04FF40060606500BFA3
:104B1000002084F8340000BF4FF0010840461FE633
:104B200010000240100402400854025870B50446B8
:104B300001F036F906462546681C10B10448007895
:104B4000054400BF01F02CF9801BA842FAD370BDC8
:104B50002400002430B5034693F89840012C01D07E
:104B6000022C3ED11868806D084030B91868C06DBD
:104B700040F001001D68E8650EE01868806D08408F
:104B8000884206D11868C06D40F002001D68E865D3
:104B900002E003201D68E86501F4007030B1186878
:104BA000D0F8E00010431D68C5F8E00001F4806013
:104BB00030B11868D0F8E40010431D68C5F8E4006F
:104BC00000BF1868406D0B4D0D4028431D68686597
:104BD0000948006840EA9170074D286000BF002036
:104BE00030BDD3F89C0040F00200C3F89C000120C7
:104BF000F6E70000FFFFCF3F14A800402DE9F04189
:104C000004460E461746706800B900E000BF94F8ED
:104C10009800022832D12068D0F8C00000F07C5003
:104C200040B9D4F89C0040F02000C4F89C0001205A
:104C3000BDE8F0812068D0F8C40000F4001038B15D
:104C4000D4F89C0040F40070C4F89C000120EFE709
:104C50002068D0F8C400C0F304452B463A463146DC
:104C60002046FDF7E7F80120A8402168C1F8D000F0
:104C70000120A840C4F894000020D9E7D4F89C0093
:104C800040F00800C4F89C000120D1E77047F0B55F
:104C9000024692F89860012E01D0022E43D1C868D6
:104CA000072800D100BF086818BBC868072800D0D3
:104CB00000BFC86807280BD1088A4FF0605747EA41
:104CC0000040CF6940EA07208F6940EA07040AE004
:104CD000087A80070F7B40EAC7600F8A40EA0740E6
:104CE0004F6940EA0704D76E486807EB80031C60F1
:104CF00017E0C868072800D000BF0F7B086940EAAA
:104D00004774C868072801D18D6903E00F7A4869A4
:104D100040EA8775176F486807EBC0031C601B1DCE
:104D20001D600020F0BDD2F89C0040F00200C2F8E7
:104D30009C000120F6E770B50446049D94F89800A5
:104D400001280AD1080140EA820040EA43002843D2
:104D50002668C6F88000002070BDD4F89C0040F0A2
:104D60000400C4F89C000120F6E77047704700007B
:104D70002DE9F04304460D469C46002394F89880A4
:104D8000B8F1020F74D1402D38D12068D0F8A000BE
:104D900000F4FE0040B9D4F89C0040F02000C4F8B4
:104DA0009C000120BDE8F0832068D0F8A40000F04A
:104DB0007F0038B9D4F89C0040F48070C4F89C009F
:104DC0000120EFE72068D0F8A400C0F3006040B1F4
:104DD0002068D0F8A0004FF00109B9EBD07F00D1D6
:104DE00001232068D0F8A400C0F305200344606CC0
:104DF0005843D4F8749009EB80014BE0412D38D131
:104E00002068D0F8B00000F4FE0038B9D4F89C0057
:104E100040F02000C4F89C000120C3E72068D0F8CF
:104E2000B40000F07F0038B9D4F89C0040F48070E2
:104E3000C4F89C000120B5E72068D0F8B400C0F3A6
:104E4000006040B12068D0F8B0004FF00109B9EB24
:104E5000D07F00D101232068D0F8B400C0F3052032
:104E60000344E06C5843D4F8789009EB800111E0DA
:104E70006DE0206DA84207D8D4F89C0040F02000D7
:104E8000C4F89C0001208DE7606D6843D4F87C90E5
:104E900009EB8001086800F080405060506820B93C
:104EA0000868C0F38A40106003E0086820F06040A2
:104EB0001060086800F000509060086800F0004042
:104EC0001061091D088880B2D0610868C0F30340F2
:104ED000D060086800F480105061086800F4001089
:104EE00090610868C0F3066010620868C00F5062E5
:104EF000091D0F46002603E0B85D0CF80600761C7D
:104F0000DFF85C90D06819F80000B042F4D8402D6A
:104F100003D12068C0F8A83017E0412D03D12068E4
:104F2000C0F8B83011E0202D06D20120A840D4F8F6
:104F30000090C9F8980008E005F01F09012000FA68
:104F400009F0D4F80090C9F89C0000202AE7D4F8B2
:104F50009C0040F00800C4F89C00012022E70000FB
:104F6000C0170108704700002DE9F04F8DB00446CE
:104F7000EF4800688707EE48001D006807EA807761
:104F80002068006D00F470482068406D00EA080851
:104F90002068006D00F00F092068406D00EA0909E3
:104FA0002068006D00F0F00A2068406D00EA0A0AEF
:104FB0002068006D00F0715B2068406D00EA0B0B0B
:104FC0002068006D00F060700C902068406D0C99B6
:104FD00008400C902068456D2068066DC5F30020E0
:104FE00070B1C6F3002058B100BF4FF48070216843
:104FF00008650020CE49086000BF2046FFF7B2FFD9
:10500000C5F38020C8B1C6F38020B0B12068D0F8C5
:10501000DC000A902068D0F8E4000A9908400A9061
:1050200000BF4FF48060216808650020C049086017
:1050300000BF20460A9900F0B1FD67B100BFBD482E
:10504000384021680865B80FB949086000BF394683
:105050002046FFF71BFEB8F1000F0ED000BFB54889
:1050600008EA0000216808654FEA9870B0490860B6
:1050700000BF4146204600F093FDB9F1000F0ED06D
:1050800000BFAC4809EA0000216808654FEA997042
:10509000A749086000BF4946204600F09BFBBAF1D3
:1050A000000F0ED000BFA3480AEA0000216808657F
:1050B0004FEA9A709E49086000BF5146204600F0B2
:1050C000CDFCC5F3C02070B1C6F3C02058B100BFFD
:1050D0004FF400602168086500209549086000BF12
:1050E000204600F05EFDC5F34020C8B1C6F3402065
:1050F000B0B12068D0F8D8000B902068D0F8E0005C
:105100000B9908400B9000BF4FF4007021680865B0
:1051100000208749086000BF20460B9900F03FFD42
:10512000C5F3C04070B1C6F3C04058B100BF4FF4E2
:1051300000202168086500207D49086000BF2046E6
:1051400000F046FBC5F3004070B1C6F3004058B113
:1051500000BF4FF480302168086500207449086062
:1051600000BF204600F019FDC5F3804070B1C6F3C2
:10517000804058B100BF4FF48020216808650020AE
:105180006B49086000BF204600F006FDC5F34040B3
:1051900088B1C6F3404070B100BF4FF400302168C1
:1051A000086500206249086000BFD4F89C0040F008
:1051B0008000C4F89C000C9870B100BF5D490C9849
:1051C0000840216808650C98800F5949086000BFA5
:1051D00020460C99FFF7CAFDBBF1000F10D000BFAD
:1051E00054480BEA0000216808654FEA9B7050495B
:1051F000086000BFD4F89C0040EA0B00C4F89C0093
:105200004D49206888427DD16068806800F00300C5
:10521000002877D06068006A00F00F00099060688D
:10522000406A0999084009906068006A00F03000FF
:1052300008906068406A0899084008906068006AB1
:1052400000F4C07007906068406A079908400790B2
:105250006068006A00F4FC4006906068406A069945
:10526000084006906068006A00F4F02005906068CD
:10527000406A0599084005906068406A029060683D
:10528000006A0190099830B1099861680862204667
:10529000099900F07EFC089830B1089861680862AE
:1052A0002046089900F077FC0298C0F38010A0B166
:1052B0000198C0F3801080B16068C06B000C04904E
:1052C0006068C06B00F03F00039040206168086296
:1052D0002046DDE9032100F05DFC079830B1079816
:1052E000616808622046079900F052FC069840B1B8
:1052F000069861680862D4F89C0006990843C4F8CF
:105300009C0000E00AE0059840B1059861680862D9
:10531000D4F89C0005990843C4F89C00D4F89C007C
:1053200010B12046FFF721FD0DB0BDE8F08F000061
:1053300010A80040FFFFCF3F00A0004070B594B020
:1053400004464C22B34901A8FBF76FF814B90120B9
:1053500014B070BDB0492068884203D1206800F5C0
:1053600080706060A068B0F5407F00D100BF206C05
:1053700000B100BFA06C00B100BF206D00B100BF44
:10538000206E00B100BFD4E91710084400B100BF7F
:1053900094F8980028B9002084F89900204600F07D
:1053A0003DF92068806920F010002168886100F0D4
:1053B000F7FC05460EE000F0F3FC401B0A2809D973
:1053C0009834606840F001006060032004F8980998
:1053D0000120BDE72068806900F008000828EAD0B5
:1053E0002068806940F001002168886100F0D8FCE5
:1053F00005460EE000F0D4FC401B0A2809D9983479
:10540000606840F001006060032004F89809012002
:105410009EE72068806900F001000028EAD020683B
:10542000806940F0020021688861207C012806D153
:105430002068806920F040002168886105E02068CC
:10544000806940F0400021688861607C012806D1B5
:105450002068806940F480402168886105E0206808
:10546000806920F4804021688861A07C012806D1F1
:105470002068806920F480502168886105E02068F8
:10548000806940F48050216888612068806920F438
:105490004070A1680843216888612068806920F015
:1054A000A400216888612068006920F0100021684C
:1054B0000861E068012806D12068806940F0040096
:1054C0002168886120E0E068F0B1E068022815D02A
:1054D0002068806940F08000216888612068006948
:1054E00040F0100021680861E06803280CD12068B2
:1054F000806940F020002168886105E020688069AB
:1055000040F0200021688861207E401E4106E0694D
:10551000401E41EA0020216A491E0843A18A491E13
:1055200040EA01402168C861A068B0F5407F0FD112
:10553000A06A401EE16A491E40EA0121206B401E1C
:1055400041EA0011A08C401E41EA00402168C86079
:10555000206E38B12068D0F8C000616E0843216821
:10556000C1F8C000D4E91710084460B12068D0F831
:10557000C80020F0070001AAA16E52F821100843CC
:105580002168C1F8C800206C60B12068D0F8BC0068
:1055900020F0070001AA616C52F82110084321682D
:1055A000C1F8BC00A06C68B12068D0F8BC0020F045
:1055B000700101AAE06C52F8200041EA0010216855
:1055C000C1F8BC00206D68B12068D0F8BC0020F4A0
:1055D000E06101AA606D52F8200041EA00202168D4
:1055E000C1F8BC000C492068884205D16068806819
:1055F00020F0030061688860002044F8940FA060E8
:1056000001202071943C2046FCF704FB06463046FE
:105610009EE60000D017010800A0004010B586B03B
:105620000446142101A8FAF719FF6249206888424C
:105630003CD161480068401C5F490860084600682A
:1056400001280DD100BF5D48006840F480705B49BF
:1056500008600846006800F48070009000BF00BF3A
:1056600000BF56480C38006840F0080053490C3918
:1056700008600846006800F00800009000BF00BF06
:105680000320019002200290002003900490092042
:10569000059001A94A4800F085FA0022052113204F
:1056A00000F03CFC132000F025FC81E04549206817
:1056B00088423CD140480068401C3F490860084689
:1056C000006801280DD100BF3C48006840F480709C
:1056D0003A4908600846006800F48070009000BFF6
:1056E00000BF00BF35480C38006840F00200334965
:1056F0000C3908600846006800F00200009000BF06
:1057000000BF6020019002200290002003900490CE
:105710000920059001A92C4800F044FA0022052137
:10572000142000F0FBFB142000F0E4FB40E02749CC
:10573000206888423CD120480068401C1E4908600F
:105740000846006801280DD100BF1C48006840F4DD
:1057500080701A4908600846006800F48070009064
:1057600000BF00BF00BF15480C38006840F00800BB
:1057700012490C3908600846006800F008000090E3
:1057800000BF00BF4FF44050019002200290002063
:10579000039004900520059001A9094800F002FA41
:1057A000002205219F2000F0B9FB9F2000F0A2FB02
:1057B00006B010BD00A0004018000024EC440258C0
:1057C000000C025800A400400004025800D400401D
:1057D0007047000070B504460D4605F00100002832
:1057E0007ED091492068884268D140218F48FAF7DD
:1057F00035FE8E4B8E4A40212046FFF7B9FA8C4881
:1058000000681138052857D2DFE800F04535241329
:10581000030087488549C26886480AF01DFC86480F
:10582000D0E90020511C40F10000834AC2E9001079
:1058300043E07F487D49C2687E4860300AF00CFC36
:105840007D48D0E90230591C40F100007A4AC2E993
:10585000021032E076487549C2687648C0300AF0D6
:10586000FBFB7548D0E904305A1C40F10000724936
:10587000C1E9042021E06E486C49C2686F480AF013
:10588000EBFB6D48D0E90620521C40F100006A494C
:10589000C1E9062011E066486449C2686748603083
:1058A0000AF0DAFB6448D0E90810491C40F1000016
:1058B000614AC2E9081000E000BF00BF60492068EB
:1058C00088420DD140215F48FAF7C8FD5D4B5E4A22
:1058D00040212046FFF74CFA5B480068113800E091
:1058E000A1E009287AD2DFE800F0051526374758ED
:1058F000697A8B0054485349C26854480AF0CCFA7C
:105900005348D0E90010491C40F10000504AC2E958
:10591000001087E04C484B49C2684C4860300AF0A0
:10592000BBFA4B48D0E90220521C40F10000484924
:10593000C1E9022076E044484249C2684348C03089
:105940000AF01CFA4248D0E904305A1C40F1000029
:105950003F49C1E9042065E03B483A49C2683D48F7
:105960000AF00CFA3A48D0E906305A1C40F100001F
:105970003749C1E9062055E033483249C268354805
:1059800060300AF089FA3248D0E90810491C40F129
:1059900000002F4AC2E9081044E02B482949C26898
:1059A0002C48C0300AF078FA2948D0E90A10491C7E
:1059B00040F10000264AC2E90A1033E0224821499A
:1059C000C26825480AF0DAF92148D0E90C305A1C9F
:1059D00040F100001E49C1E90C2023E021E01A48F3
:1059E0001849C2681C4860300AF0C8F91848D0E964
:1059F0000E305A1C40F100001549C1E90E2011E09B
:105A000011481049C2681448C0300AF005FC10481B
:105A1000D0E91020521C40F100000D49C1E91020CE
:105A200000E000BF00BF70BD00A00040C889002496
:105A3000A0890024D4830024D88A0024F48400247C
:105A400000D40040988A0024708A0024B88500247D
:105A5000008B0024D8860024F887002470B5044603
:105A60000D4605F0100000286BD0364920688842AA
:105A700067D140213448FAF7F1FC334B334A4121D6
:105A80002046FFF775F9314800681138052856D2CD
:105A9000DFE800F04535241303002C482A49C2688A
:105AA0002B480AF0D9FA2B48D0E90010491C40F1E4
:105AB0000000284AC2E9001042E024482249C26896
:105AC000234860300AF0C8FA2248D0E902305A1C54
:105AD00040F100001F49C1E9022031E01B481A498A
:105AE000C2681B48C0300AF0B7FA1A48D0E904303F
:105AF0005A1C40F100001749C1E9042020E0134876
:105B00001149C26814480AF0A7FA1248D0E90610F1
:105B1000491C40F100000F4AC2E9061010E00B4892
:105B20000949C2680C4860300AF096FA0949D1E97F
:105B30000860721C40F10000C1E9082000E000BFCD
:105B400000BF70BD00A40040308A0024088A0024F1
:105B5000F4810024488B002414830024014691F82A
:105B6000980001280CD1022081F89800086880690B
:105B700020F001000A6890610020C1F89C00704785
:105B8000D1F89C0040F00400C1F89C000120F6E729
:105B9000704770477047704770477047704770474D
:105BA00070477047F8B502460B4600216D4DD2E0B4
:105BB00001278F401E6806EA0704002C72D01E7968
:105BC00006F00306012E04D01E7906F00306022E0D
:105BD00013D190684F000326BE40B0434F00DE68EB
:105BE000BE4030439060506801268E40B0431E791D
:105BF000C6F300168E40304350601E7906F003064F
:105C0000032E09D0D0684F000326BE40B0434F009A
:105C10009E68BE403043D0601E7906F00306022E17
:105C200013D1CF0802F1200656F827004E07F70ED1
:105C30000F26BE40B0434F07FF0E1E69BE403043E3
:105C4000CF0802F1200646F8270010684F0003260F
:105C5000BE40B0431E7906F003064F00BE403043FD
:105C600010605E6806F44036002E73D000BF3E4ED2
:105C7000366846F002063C4F3E603E46366806F007
:105C80000206009600BF00BF384E8F0856F8270066
:105C90008E07370F0F26BE40B043354EB24202D1B9
:105CA000002629E056E0334EB24201D1012623E01E
:105CB000314EB24201D102261EE0304EB24201D135
:105CC000032619E02E4EB24201D1042614E02D4ED7
:105CD000B24201D105260FE02B4EB24201D1062679
:105CE0000AE02A4EB24201D1072605E0284EB24210
:105CF00001D1092600E00A268F073F0FBE4030433E
:105D00001A4E8F0846F827004FF0B0463068A0437F
:105D10005E6806F4801606B120434FF0B04630604E
:105D20007068A0435E6806F4001606B120434FF089
:105D3000B04670606868A0435E6806F4003606B13D
:105D4000204368602868A0435E6806F4803606B188
:105D500020432860491C1E68CE40002E7FF428AFE7
:105D6000F8BD000080000058F444025808040058B0
:105D7000000002580004025800080258000C0258A3
:105D8000001002580014025800180258001C025853
:105D9000002402580AB1816101E00B04836170475D
:105DA00001480068704700001C0000240348006898
:105DB0000349097808440149086070471C00002421
:105DC0002400002410B5032000F0E6F802F0C0FF24
:105DD00010490968C1F303210F4A515C01F01F010A
:105DE00020FA01F40B48006800F00F001146085C2F
:105DF00000F01F0024FA00F0084908600848046019
:105E00000F2000F00FF808B1012010BD00F05AF883
:105E10000020FAE718440258441801082C00002416
:105E200028000024F0B58BB00446102C0AD20022C2
:105E300021461C2000F072F81C2000F05BF81D4881
:105E4000046002E001200BB0F0BD00BF1A480068FA
:105E500040F00100184908600846006800F00100A1
:105E6000019000BF00BF02A903A802F0F1FE089E46
:105E70001EB902F049FF054602E002F045FF450069
:105E80000E48B5FBF0F0471E4FF080400C4908600B
:105E900040F2E7310A48C16047600021016181603A
:105EA00003F074FF18B9064803F0A8FFCBE7012000
:105EB000C9E7000020000024E844025840420F00D7
:105EC000B808002408B500BF0948006840F0020087
:105ED000074908600846006800F00200009000BF13
:105EE00000BF00220F21901E00F018F808BD00002E
:105EF000F44402580146084600280DDB00BF00BFED
:105F000000F01F0301229A4043099B0003F1E023A4
:105F1000C3F8002100BF00BF00BF70472DE9F05F4C
:105F200080460D46164609F057FD074639462A4673
:105F3000334601F00700C0F1070ABAF1040F02D995
:105F40004FF0040A01E0C0F1070AD14600F1040A4B
:105F5000BAF1070F02D24FF0000A01E0A0F1030AE4
:105F6000D4464FF0010A0AFA09FAAAF1010A0AEA2C
:105F7000020A0AFA0CFA4FF0010B0BFA0CFBABF118
:105F8000010B0BEA030B4AEA0B042146404609F0D9
:105F90002BFDBDE8F09F000000BF00F00702064B9C
:105FA00019684FF6FF031940044B0B4343EA0221E3
:105FB000014B196000BF70470CED00E00000FA05CE
:105FC00001460A680120C1F8D804002081F8CC04F9
:105FD000906940F000609061506D024B184350652D
:105FE00000207047030000107047024610684162AD
:105FF00000207047F0B5034615461868446A21B979
:1060000044EA05401E68B06219E01868806A04EB33
:106010001044002208E0186800F5827050F8220051
:1060200004EB1044501CC2B2481E9042F3D844EA1C
:106030000547186800F582704E1E40F82670002053
:10604000F0BD10B50446D4F8E00407F02DFF10BDF4
:1060500070B504460D4605EBC50304F1140101EBD0
:106060008301CA682946D4F8E00407F018FE70BD21
:1060700070B504460D4605EBC50304F5157101EB3B
:106080008301CA682946D4F8E00407F08CFE70BD8D
:1060900010B50446D4F8E00407F009FF10BD2DE95F
:1060A000F04104460D4605F08000802808D105F037
:1060B0000F0000EBC00104F1140000EB810607E0C3
:1060C00005F00F0000EBC00104F5157000EB810630
:1060D0003146206809F03AF907463846BDE8F081B4
:1060E00070B504460E4606F0800080280AD106F0FE
:1060F0000F0000EBC00104F1140000EB810501204A
:10610000687009E006F00F0000EBC00104F515709F
:1061100000EB81050020687006F00F00287000BFBA
:1061200094F89404012801D1022070BD012084F864
:10613000940400BF2946206808F0A0FC00BF00209E
:1061400084F8940400BF00BFEFE770B504460E4624
:1061500006F00F002179884201D9012070BD06F0B8
:10616000800080280AD106F00F0000EBC00104F186
:10617000140000EB81050120687009E006F00F00B3
:1061800000EBC00104F5157000EB8105002068707C
:106190000020A87006F00F00287000BF94F8940447
:1061A000012801D10220D9E7012084F8940400BF1E
:1061B0002946206808F05CFE00BF002084F89404A3
:1061C00000BF00BFCAE7024601F00F0000EBC003AA
:1061D00002F5157000EB8300406970472DE9F04728
:1061E00005460E4690461F464FF0000906F0800017
:1061F00080280AD106F00F0000EBC00105F1140061
:1062000000EB81040120607009E006F00F0000EB54
:10621000C00105F5157000EB81040020607006F0E8
:106220000F002070C4F808802771607808B12078CA
:106230006083022F01D10020607100BF95F89404A3
:10624000012802D10220BDE8F087012085F89404DE
:1062500000BF2146286808F01BFB00BF002085F81E
:10626000940400BF4846EEE72DE9F04105460E468E
:106270001746984606F00F0000EBC00105F51570B3
:1062800000EB8104E760C4F810800020606160705A
:1062900006F00F002070A879012800D1E761AA79E3
:1062A0002146286808F078FE0020BDE8F08170B52E
:1062B00004460D4605F00F002179884201D90120DE
:1062C00070BD05F0800080280AD105F00F0000EBBA
:1062D000C00104F1140000EB81060120707007E09A
:1062E00005EBC50104F5157000EB81060020707008
:1062F0000120B07005F00F00307000BF94F89404D6
:10630000012801D10220DBE7012084F8940400BFBA
:106310003146206808F0F3FD05F00F0028B9A17997
:1063200004F29C42206808F06BFD00BF002084F856
:10633000940400BF00BFC3E72DE9F04105460E46B7
:106340001746984606F00F0000EBC00105F1140057
:1063500000EB8104E760C4F8108000206061012038
:10636000607006F00F002070A879012800D1E76165
:10637000AA792146286808F00FFE0020BDE8F081C8
:106380002DE9FE4F0446D4F800B05E46206809F0BF
:10639000BFF8002874D1206809F0F9F808B9BDE801
:1063A000FE8F40F608008059C0F30D20C4F8D404D5
:1063B000206809F0ECF800F00200022805D12068FE
:1063C000406900F0020021684861206809F0DFF8A8
:1063D00000F01000102845D12068806920F01000DE
:1063E00021688861DBF8209009F00F0000EBC00104
:1063F00004F5157000EB810AC9F3434002281AD155
:1064000047F6F07009EA000030B3C9F30A125846A3
:10641000DAF80C1009F0C0F8C9F30A11DAF80C0028
:106420000844CAF80C00C9F30A11DAF81400084449
:10643000CAF8140010E0C9F3434006280CD1082222
:1064400004F29C41584609F0A7F8C9F30A11DAF89A
:1064500014000844CAF814002068806940F0100055
:1064600021688861206809F092F800F40020B0F5F6
:10647000002F7BD10025206809F059F8029072E0C6
:1064800003E3029800F00100002868D0E9B2206818
:1064900009F070F8804608F0010048B1012106F5C6
:1064A000306000EB451081602946204605F0C4F8B5
:1064B00008F00800082809D1082106F5306000EB33
:1064C000451081602946204605F084F808F0100048
:1064D000102805D1102106F5306000EB45108160D1
:1064E00008F00200022824D1DBF8140000F080003C
:1064F000802807D140F60400805940F4806140F6BE
:106500000400815105EBC50104F5157000EB810A0B
:106510009AF80300012806D100208AF80300E9B2A6
:10652000204600F0BDFA022106F5306000EB451070
:10653000816008F02000202805D1202106F5306078
:1065400000EB4510816008F40050B0F5005F06D103
:106550004FF4005106F5306000EB451081606D1C72
:10656000029840080290029800288AD1206809F019
:106570000EF800F48020B0F5802F7DD1206808F05F
:10658000CCFF029000259AE0029800F0010000285C
:1065900073D0E9B2206808F0D4FF804608F001000B
:1065A000F0B305F00F0101208840019040F634005F
:1065B0008159019821EA000040F6340188510121F7
:1065C00006F5106000EB45108160A079012824D108
:1065D00005EBC50104F1140000EB810005EBC502D9
:1065E000C16804F1140000EB82008068014405EBEF
:1065F000C50204F1140000EB8200C1606DB905EB27
:10660000C50104F1140000EB8100006928B904F20F
:106610009C420121206808F0F3FBE9B2204600E02B
:1066200001E0FFF715FD08F00800082805D1082152
:1066300006F5106000EB4510816008F0100010288E
:1066400005D1102106F5106000EB4510816008F0BF
:106650004000402805D1402106F5106000EB4510B0
:10666000816008F0020002281DD12946584608F032
:1066700012FF05EBC50101E025E01CE004F1140068
:1066800000EB810A9AF80300012806D100208AF85D
:106690000300E9B2204600F0FAF9022106F5106085
:1066A00000EB4510816008F08000802803D1294666
:1066B000204605F063F86D1C02984008029002988D
:1066C00000287FF461AF206808F061FF00F000400F
:1066D000B0F1004F1CD140F60400805920F00101B8
:1066E00040F60400815194F8CC04012807D1002021
:1066F00084F8CC0400212046FFF776FC02E0204617
:1067000000F0D6FA2068406900F000402168486136
:10671000206808F03CFF00F40060B0F5006F0ED177
:1067200040F60800805900F0010010B1204600F04A
:1067300017FB2068406900F4006021684861206808
:1067400008F025FF00F00060B0F1006F19D120685B
:10675000406900F000602168486194F8CC0468B991
:10676000012084F8CC042068406DC0F38300C4F895
:10677000D00401212046FFF737FC02E0204600F05C
:10678000EFFA206808F003FF00F48050B0F5805F56
:106790007ED140F60400805920F0010140F604004B
:1067A00081511021206808F076FE002732E04FF674
:1067B0007F3106F5106000EB4710816006F5106030
:1067C00000EB4710006820F4001106F5106000EBA4
:1067D000471001604FF67F3106F5306000EB47103F
:1067E000816006F5306000EB4710006820F400116E
:1067F00006F5306000EB4710016006F5306000EBF5
:106800004710006840F0006106F5306000EB47106B
:1068100001607F1C2079B842C9D840F61C0080591D
:1068200040F0011140F61C008151E07B70B1D6F8B8
:10683000840840F00B01C6F8841840F644008059E3
:1068400040F00B0140F6440081510FE040F6140087
:10685000805942F22B01084340F614018851081F69
:10686000805940F00B014FF401608151D6F80008C7
:1068700020F4FE60C6F80008A17904F29C4220686A
:1068800008F0BEFA2068406900F48050216800E0FA
:1068900000E04861206808F07AFE00F40050B0F58E
:1068A000005F17D1206808F05BF8206808F01DFE33
:1068B000E07102F003FA0090E2792068009908F094
:1068C000EDFE204600F0DCF92068406900F400503D
:1068D00021684861206808F05AFE00F00800082886
:1068E00008D1204600F0EBF92068406900F008006C
:1068F00021684861206808F04AFE00F08000802886
:1069000018D1DBF8180020F08000CBF81800012522
:106910000DE005EBC50104F5157000EB8100C078B2
:10692000012803D1E9B22046FFF7B9FB6D1C20799D
:10693000A842EED8206808F02AFE00F48010B0F5D6
:10694000801F2DD1012522E006F5106000EB4510D7
:10695000D0F8009005EBC50104F1140000EB8100B4
:106960000079012812D109F00040B0F1004F0DD19B
:10697000012105EBC50204F1140000EB8200C17097
:10698000E8B240F080012046FFF789FB6D1C2079BA
:10699000A842D9D82068406900F480102168486175
:1069A000206808F0F4FD00F40010B0F5001F44D199
:1069B000012538E006F5306000EB4510D0F8009076
:1069C00005EBC50104F5157000EB81000079012885
:1069D00028D109F00040B0F1004F23D109F48030F4
:1069E00094F8D41401F0010188421BD1012105EB78
:1069F000C50204F5157000EB8200C170DBF81800C9
:106A000040F08000CBF81800DBF8140000F08000A4
:106A100040B940F60400805940F4007140F604008B
:106A2000815103E06D1C2079A842C3D800BF2068C3
:106A3000406900F4001021684861206808F0A7FD53
:106A400000F08040B0F1804F08D12046FFF7F9FAFE
:106A50002068406900F0804021684861206808F0A3
:106A600096FD00F0040004280FD12068D0F80490AF
:106A700009F00400042802D12046FFF709FB206832
:106A8000406840EA09002168486000BF87E470B5AB
:106A900004460D462946D4F8E00407F079FA70BDA3
:106AA00070B504460D462946D4F8E00407F094FA80
:106AB00070BD38B504460CB9012038BD94F8950472
:106AC00028B9002084F89404204600F0A1F803209F
:106AD00084F89504206808F08BF9207C8DF800007C
:106AE00094E80F0007F050FF20B1022084F89504CD
:106AF0000120E2E70021206808F07EFD20B102209D
:106B000084F895040120D8E7002531E0012105EB48
:106B1000C50204F1140000EB8200417005EBC501D1
:106B200004F1140000F8215005EBC50100EB8100D1
:106B30004583002105EBC50204F1140000EB82003F
:106B4000017105EBC50204F1140000EB82008160C5
:106B500005EBC50204F1140000EB8200C16005EBF7
:106B6000C50204F1140000EB82000161681CC5B28B
:106B70002079A842CADC00252AE0002105EBC502E5
:106B800004F5157000EB8200417005EBC50104F5BA
:106B9000157000F82150002105EBC50200EB8200C2
:106BA000017105EBC50204F5157000EB82008160F0
:106BB00005EBC50204F5157000EB8200C16005EB22
:106BC000C50204F5157000EB82000161681CC5B2B6
:106BD0002079A842D1DC207C8DF8000094E80F00D9
:106BE00008F016F820B1022084F89504012064E72B
:106BF00000206074012084F89504207B012802D1D4
:106C00002046FFF7DDF9206807F0F0FF002054E789
:106C100010B5B0B00446B82102A8F9F71FFC164918
:106C20002068884225D14FF480210020CDE9021050
:106C30004FF44010239002A801F016F808B1FAF7BB
:106C40004CFF00F0D7F800BF0C48006840F000701F
:106C50000A4908600846006800F00070019000BF13
:106C600000BF002205214D20FFF758F94D20FFF706
:106C700041F930B010BD000000000440D844025873
:106C800070B504460125E07908B9002506E0E079F1
:106C9000022801D1012501E0FAF71FFF2946D4F8A7
:106CA000E00407F042FAD4F8E00407F0E9F970BD17
:106CB00010B50446D4F8E00407F018FA10BD10B57A
:106CC0000446D4F8E00407F01CFA10BD70B5044681
:106CD0000D4600BF94F89404012801D1022070BD34
:106CE000012084F8940400BF65742946206808F0E8
:106CF000B7FC00BF002084F8940400BF00BFEEE79B
:106D000010B5044604F29C41D4F8E00407F024FADC
:106D100010BD70B50446256800BF94F8940401289E
:106D200001D1022070BD012084F8940400BFE868FE
:106D300000F0400030B1607B012803D1A86B40F423
:106D40008030A863206808F077FB206807F03CFFDC
:106D500000BF002084F8940400BF00BFE2E70000F9
:106D600010B50446D4F8E00407F053FA2068D0F8D0
:106D7000000E40F001002168C1F8000EE07A28B151
:106D80000348006840F006000149086010BD00009B
:106D900010ED00E070B5044615480068C0F38000AF
:106DA00048B91348006800F00700A04201D0012054
:106DB00070BD0020FCE70E48006820F0070020436B
:106DC0000B490860FEF7ECFF054607E0FEF7E8FF19
:106DD000401BB0F57A7F01D90120E9E70448083863
:106DE0000068C0F340300028F0D00020E0E7000049
:106DF0000C4802580348006840F080700149086060
:106E0000704700000C48025810B501F057FF0549C3
:106E10000968C1F30211044A515C01F01F01C84026
:106E200010BD0000204402584418010870B5014606
:106E3000844D2D6805F00303824D2D68C5F30510C0
:106E4000804D2D1D2D6805F001047E4D0C352D68FB
:106E5000C5F3CC0515FB04F501EE105AB8EE411A46
:106E6000F0EE410A00286FD023B1012B4ED0022B47
:106E70006BD16BE0734D283D2D68C5F340153DB3D4
:106E8000704D283D2D68C5F3C1066F4D25FA06F2F9
:106E900001EE102AF8EE411A01EE100AB8EE411A7E
:106EA00081EE812A9FED691AC0EE811A654D083581
:106EB0002D68C5F3080501EE105AB8EE411A31EEFF
:106EC000811AF7EE001A31EE211A22EE010A1CE0B7
:106ED00001EE100AB8EE411ADFED5D1A81EE812A4B
:106EE0009FED5A1AC0EE811A564D08352D68C5F32C
:106EF000080501EE105AB8EE411A31EE811AF7EE8C
:106F0000001A31EE211A22EE010A5BE001EE100AAE
:106F1000B8EE411ADFED4F1A81EE812A9FED4B1A30
:106F2000C0EE811A474D08352D68C5F3080501EEFE
:106F3000105AB8EE411A31EE811AF7EE001A31EE0E
:106F4000211A22EE010A3DE077E01DE001EE100A71
:106F5000B8EE411A9FED402AC2EE011A9FED3B1A8E
:106F600080EE812A374D08352D68C5F3080501EEFE
:106F7000105AB8EE411A32EE011AB7EE002A31EE7D
:106F8000021A21EE810A1DE001EE100AB8EE411A44
:106F9000DFED2F1A81EE812A9FED2C1AC0EE811AA7
:106FA000284D08352D68C5F3080501EE105AB8EED6
:106FB000411A31EE811AF7EE001A31EE211A22EE53
:106FC000010A00BF00BF1F4D08352D68C5F34625D7
:106FD00001EE105AB8EE411AF7EE001A31EE211AFE
:106FE000C0EE011ABCEEE11A81ED001A154D08350C
:106FF0002D68C5F3064501EE105AB8EE411AF7EEBA
:10700000001A31EE211AC0EE011ABCEEE11A81ED30
:10701000011A0C4D08352D68C5F3066501EE105AAE
:10702000B8EE411AF7EE001A31EE211AC0EE011A3D
:10703000BCEEE11A81ED021A03E000250D604D60FF
:107040008D6070BD284402580090D00300000046B7
:107050000024744C0024744A001BB74B70B50146E1
:10706000844D2D6805F00303824D2D68C5F305306E
:10707000804D2D1D2D68C5F300147E4D14352D68EF
:10708000C5F3CC0515FB04F501EE105AB8EE411A14
:10709000F0EE410A00286FD023B1012B4ED0022B15
:1070A0006BD16BE0734D283D2D68C5F340153DB3A2
:1070B000704D283D2D68C5F3C1066F4D25FA06F2C7
:1070C00001EE102AF8EE411A01EE100AB8EE411A4C
:1070D00081EE812A9FED691AC0EE811A654D103547
:1070E0002D68C5F3080501EE105AB8EE411A31EECD
:1070F000811AF7EE001A31EE211A22EE010A1CE085
:1071000001EE100AB8EE411ADFED5D1A81EE812A18
:107110009FED5A1AC0EE811A564D10352D68C5F3F1
:10712000080501EE105AB8EE411A31EE811AF7EE59
:10713000001A31EE211A22EE010A5BE001EE100A7C
:10714000B8EE411ADFED4F1A81EE812A9FED4B1AFE
:10715000C0EE811A474D10352D68C5F3080501EEC4
:10716000105AB8EE411A31EE811AF7EE001A31EEDC
:10717000211A22EE010A3DE077E01DE001EE100A3F
:10718000B8EE411A9FED402AC2EE011A9FED3B1A5C
:1071900080EE812A374D10352D68C5F3080501EEC4
:1071A000105AB8EE411A32EE011AB7EE002A31EE4B
:1071B000021A21EE810A1DE001EE100AB8EE411A12
:1071C000DFED301A81EE812A9FED2C1AC0EE811A74
:1071D000284D10352D68C5F3080501EE105AB8EE9C
:1071E000411A31EE811AF7EE001A31EE211A22EE21
:1071F000010A00BF00BF1F4D10352D68C5F346259D
:1072000001EE105AB8EE411AF7EE001A31EE211ACB
:10721000C0EE011ABCEEE11A81ED001A154D1035D1
:107220002D68C5F3064501EE105AB8EE411AF7EE87
:10723000001A31EE211AC0EE011ABCEEE11A81EDFE
:10724000011A0C4D10352D68C5F3066501EE105A74
:10725000B8EE411AF7EE001A31EE211AC0EE011A0B
:10726000BCEEE11A81ED021A03E000250D604D60CD
:107270008D6070BD284402580090D0030000004685
:107280000024744C0024744A001BB74B70B50146AF
:10729000844D2D6805F00303824D2D68C5F305501C
:1072A000804D2D1D2D68C5F300247E4D1C352D68A5
:1072B000C5F3CC0515FB04F501EE105AB8EE411AE2
:1072C000F0EE410A00286FD023B1012B4ED0022BE3
:1072D0006BD16BE0734D283D2D68C5F340153DB370
:1072E000704D283D2D68C5F3C1066F4D25FA06F295
:1072F00001EE102AF8EE411A01EE100AB8EE411A1A
:1073000081EE812A9FED691AC0EE811A654D18350C
:107310002D68C5F3080501EE105AB8EE411A31EE9A
:10732000811AF7EE001A31EE211A22EE010A1CE052
:1073300001EE100AB8EE411ADFED5D1A81EE812AE6
:107340009FED5A1AC0EE811A564D18352D68C5F3B7
:10735000080501EE105AB8EE411A31EE811AF7EE27
:10736000001A31EE211A22EE010A5BE001EE100A4A
:10737000B8EE411ADFED4F1A81EE812A9FED4B1ACC
:10738000C0EE811A474D18352D68C5F3080501EE8A
:10739000105AB8EE411A31EE811AF7EE001A31EEAA
:1073A000211A22EE010A3DE077E01DE001EE100A0D
:1073B000B8EE411A9FED402AC2EE011A9FED3B1A2A
:1073C00080EE812A374D18352D68C5F3080501EE8A
:1073D000105AB8EE411A32EE011AB7EE002A31EE19
:1073E000021A21EE810A1DE001EE100AB8EE411AE0
:1073F000DFED301A81EE812A9FED2C1AC0EE811A42
:10740000284D18352D68C5F3080501EE105AB8EE61
:10741000411A31EE811AF7EE001A31EE211A22EEEE
:10742000010A00BF00BF1F4D18352D68C5F3462562
:1074300001EE105AB8EE411AF7EE001A31EE211A99
:10744000C0EE011ABCEEE11A81ED001A154D183597
:107450002D68C5F3064501EE105AB8EE411AF7EE55
:10746000001A31EE211AC0EE011ABCEEE11A81EDCC
:10747000011A0C4D18352D68C5F3066501EE105A3A
:10748000B8EE411AF7EE001A31EE211AC0EE011AD9
:10749000BCEEE11A81ED021A03E000250D604D609B
:1074A0008D6070BD284402580090D0030000004653
:1074B0000024744C0024744A001BB74B2DE9F043A0
:1074C00089B006460F464FF4807186EA01003843C2
:1074D00070D1F748006800F00709B9F1050F65D2CF
:1074E000DFE809F0031221623000F14850380068EB
:1074F00000F00070B0F1007F04D106A8FFF796FC01
:10750000079C00E0002453E0E9485038006800F090
:107510000060B0F1006F04D103A8FFF79FFD039C4A
:1075200000E0002444E0E2485038006800F00050D9
:10753000B0F1005F04D16846FFF7A8FE009C00E0B0
:10754000002435E0DA48001F006800F04055D848B4
:107550005038006800F00400042809D145B9D44827
:1075600050380068C0F3C101D24820FA01F41AE093
:10757000CF485038006800F48070B0F5807F04D1A7
:10758000B5F1805F01D1CC4C0DE0C948503800689E
:1075900000F40030B0F5003F04D1B5F1005F01D137
:1075A000C64C00E0002403E0C54C01E0002400BF0D
:1075B0004BE3FFE74FF4806186EA010038437BD15B
:1075C000BB480830006800F46009B9F5800F2CD082
:1075D00006DCB9F1000F0AD0B9F5001F69D115E03A
:1075E000B9F5C00F63D0B9F5000F62D12CE0B048F7
:1075F0005038006800F00070B0F1007F04D106A898
:10760000FFF714FC079C00E0002454E0A848503821
:10761000006800F00060B0F1006F04D103A8FFF72C
:107620001DFD039C00E0002445E0A148503800689F
:1076300000F00050B0F1005F04D16846FFF726FE6D
:10764000009C00E0002436E09948001F006800F02C
:10765000405597485038006800F00400042809D1CC
:1076600045B9934850380068C0F3C101914820FAE9
:1076700001F41BE08E485038006800F48070B0F5CB
:10768000807F04D1B5F1805F01D18B4C0EE088483A
:107690005038006800F40030B0F5003F05D1B5F176
:1076A000005F02D1854C01E006E0002403E0844C39
:1076B00001E0002400BFC8E24FF4006186EA010047
:1076C00038437BD17A480830006800F0E069B9F1AE
:1076D000007F2CD006DCB9F1000F0AD0B9F1807F11
:1076E00069D115E0B9F1407F63D0B9F1806F62D103
:1076F0002CE06F485038006800F00070B0F1007F57
:1077000004D106A8FFF792FB079C00E0002454E098
:1077100067485038006800F00060B0F1006F04D195
:1077200003A8FFF79BFC039C00E0002445E06048B1
:107730005038006800F00050B0F1005F04D1684696
:10774000FFF7A4FD009C00E0002436E05848001F2D
:10775000006800F0405556485038006800F00400BA
:10776000042809D145B9524850380068C0F3C10116
:10777000504820FA01F41BE04D485038006800F4EE
:107780008070B0F5807F04D1B5F1805F01D14A4CA3
:107790000EE047485038006800F40030B0F5003F74
:1077A00005D1B5F1005F02D1444C01E006E00024B0
:1077B00003E0434C01E0002400BF46E24FF4805157
:1077C00086EA0100384372D13948006800F4E04885
:1077D000B8F5005F2CD006DCB8F1000F0AD0B8F580
:1077E000805F75D115E0B8F5405F6FD0B8F5804F78
:1077F0006ED12CE02E485038006800F00070B0F1D7
:10780000007F04D106A8FFF711FB079C00E00024CD
:1078100060E027485038006800F00060B0F1006F69
:1078200004D103A8FFF71AFC039C00E0002451E0F8
:107830001F485038006800F00050B0F1005F04D1DC
:107840006846FFF723FD009C00E0002442E0184852
:10785000001F006800F0405515485038006800F0DF
:107860000400042809D145B9114850380068C0F314
:10787000C101104820FA01F427E00D485038006893
:1078800000F48070B0F5807F04D1B5F1805F01D144
:10789000094C1AE006485038006800F40030B0F592
:1078A000003F11D1B5F1005F0ED1044C0DE012E0A4
:1078B000504402580090D00300093D0000366E018C
:1078C0000080BB0004E001E0002403E0E14C01E0A3
:1078D000002400BFB9E14FF4005186EA01003843AB
:1078E00067D1DD48006800F4E028B8F5403F33D0A8
:1078F00009DCB8F1000F0DD0B8F5803F0ED0B8F517
:10790000003F53D119E0B8F5802F37D0B8F5A02F3C
:107910004CD13FE001F0F8F9044649E0CE48503838
:10792000006800F00060B0F1006F04D103A8FFF719
:1079300095FB049C00E000243AE0C74850380068FA
:1079400000F00050B0F1005F04D16846FFF79EFCE4
:10795000019C00E000242BE0BF485038006800F094
:107960000400042808D1BC4850380068C0F3C101A5
:10797000BA4820FA01F400E0002419E0B648503873
:10798000006800F48070B0F5807F01D1B44C00E055
:1079900000240DE0B0485038006800F40030B0F525
:1079A000003F01D1AF4C00E0002401E0002400BF03
:1079B0004BE14FF4002186EA0100384361D1A6482B
:1079C0000830006800F44038B8F1000F06D0B8F570
:1079D000803F12D0B8F5003F50D11DE09E4850388E
:1079E000006800F00060B0F1006F04D103A8FFF759
:1079F00035FB039C00E0002442E0974850380068C3
:107A000000F00050B0F1005F04D16846FFF73EFC83
:107A1000029C00E0002433E08F48001F006800F063
:107A200040558D485038006800F00400042809D102
:107A300045B9894850380068C0F3C101874820FA29
:107A400001F41AE084485038006800F48070B0F502
:107A5000807F04D1B5F1805F01D1814C0DE07E487B
:107A60005038006800F40030B0F5003F04D1B5F1A3
:107A7000005F01D17B4C00E0002401E0002400BF46
:107A8000E3E04FF4803186EA010038432CD172489C
:107A9000001F006800F48038B8F1000F03D0B8F57B
:107AA000803F1ED10EE06C485038006800F0007036
:107AB000B0F1007F04D106A8FFF7B8F9079C00E0F9
:107AC000002410E064485038006800F00060B0F115
:107AD000006F04D103A8FFF7C1FA059C00E0002461
:107AE00001E0002400BFB0E04FF4804186EA0100CD
:107AF000384368D158480830006800F0E048B8F1D1
:107B0000405F33D009DCB8F1000F0DD0B8F1805FD1
:107B10000ED0B8F1005F53D119E0B8F1804F37D0E3
:107B2000B8F1A04F4CD13FE0FFF76EF9044649E0B1
:107B300049485038006800F00060B0F1006F04D18F
:107B400003A8FFF78BFA049C00E000243AE04248C7
:107B50005038006800F00050B0F1005F04D1684672
:107B6000FFF794FB019C00E000242BE03A485038DA
:107B7000006800F00400042808D137485038006835
:107B8000C0F3C101354820FA01F400E0002419E0F7
:107B900031485038006800F48070B0F5807F01D122
:107BA0002F4C00E000240DE02B485038006800F412
:107BB0000030B0F5003F01D12A4C00E0002401E084
:107BC000002400BF41E04FF4004186EA0100384341
:107BD0003AD12148006800F04058B8F1000F06D0B3
:107BE000B8F1805F0FD0B8F1005F2AD11AE01A48CF
:107BF0005038006800F40030B0F5003F01D1194C56
:107C000000E000241FE014485038006800F00070C5
:107C1000B0F1007F04D106A8FFF708F9079C00E047
:107C2000002410E00C485038006800F00060B0F10B
:107C3000006F04D103A8FFF711FA049C00E00024B0
:107C400001E0002400BF00E00024204609B0BDE8A8
:107C5000F08300000080BB00504402580090D00325
:107C600000093D0000366E012DE9F0410446002573
:107C7000A8464FF00062D4E90010114000201346DE
:107C800059404040014331D1606E48B1B0F5801F8A
:107C90000DD0B0F5001F11D0B0F5401F16D114E083
:107CA000FE48006840F40030FC49086010E0022102
:107CB00004F1080003F0E2FD054609E0022104F1A9
:107CC000280003F08DFE054602E001E0012500BF1B
:107CD00000BF55B9F1482430006820F44010616EAF
:107CE0000843EE492431086000E0A8464FF4807252
:107CF000D4E9001011400020134659404040014390
:107D00002ED1A06D05281BD2DFE800F0030A111860
:107D10001900E248006840F40030E049086011E0D2
:107D2000002104F1080003F0A9FD05460AE0002146
:107D300004F1280003F054FE054603E002E001E0F0
:107D4000012500BF00BF55B9D4482430006820F099
:107D50000700A16D0843D1492431086000E0A8461E
:107D60004FF48062D4E900101140002013465940BE
:107D7000404001433DD1D4F8A400B0F5C00F24D059
:107D800007DC68B1B0F5001F11D0B0F5800F1FD12E
:107D900014E0B0F5000F19D0B0F5200F18D116E09F
:107DA000BE48006840F40030BC49086012E0002181
:107DB00004F1080003F062FD05460BE0002104F128
:107DC000280003F00DFE054604E003E002E001E0B8
:107DD000012500BF00BF5DB9B0482C30006820F419
:107DE0006000D4F8A4100843AC492C31086000E0CE
:107DF000A8464FF40062D4E9000110400021134668
:107E00005840494008433DD1D4F8A800B0F1407F24
:107E100024D007DC68B1B0F1807F11D0B0F1007FD1
:107E20001FD114E0B0F1806F19D0B0F1A06F18D15C
:107E300016E09A48006840F400309849086012E063
:107E4000002104F1080003F019FD05460BE00021B4
:107E500004F1280003F0C4FD054604E003E002E05D
:107E600001E0012500BF00BF5DB98C482C300068DF
:107E700020F0E060D4F8A810084388492C3108604D
:107E800000E0A8464FF00073D4E90010194000202C
:107E900059404040014328D1E06CA8B1102804D0DB
:107EA000202809D0302810D10DE07C48006840F42B
:107EB00000307A4908600AE0022104F1080003F06A
:107EC000DDFC054603E002E001E0012500BF00BF44
:107ED00055B972482030006820F03000E16C08434A
:107EE0006E492031086000E0A8464FF48053D4E981
:107EF00000101940002059404040014337D1E06D47
:107F0000B0F5005F1AD004DC50B1B0F5805F1ED12F
:107F10000DE0B0F5405F18D0B0F5804F17D115E0F7
:107F20005E48006840F400305C49086011E00021C0
:107F300004F1080003F0A2FC05460AE0002104F168
:107F4000280003F04DFD054603E002E001E00125B5
:107F500000BF00BF55B951482430006820F4E0400C
:107F6000E16D08434D492431086000E0A8464FF414
:107F70000053D4E90010194000205940404001430B
:107F800035D1206EB0F5403F1ED007DC68B1B0F5AA
:107F9000803F0BD0B0F5003F19D10EE0B0F5802F37
:107FA00013D0B0F5A02F12D110E012E0012104F19E
:107FB000080003F063FC05460BE0012104F12800F2
:107FC00003F00EFD054604E003E002E001E00125B8
:107FD00000BF00BF55B931482430006820F4E020CC
:107FE000216E08432D492431086000E0A8464FF473
:107FF0008042D4E900011040002113465840494016
:10800000084337D1D4F8AC00B0F1405F1ED007DC94
:1080100068B1B0F1805F0BD0B0F1005F19D10EE014
:10802000B0F1804F13D0B0F1A04F12D110E012E0A8
:10803000012104F1080003F021FC05460BE00121B9
:1080400004F1280003F0CCFC054604E003E002E064
:1080500001E0012500BF00BF5DB910482C30006869
:1080600020F0E040D4F8AC1008430C492C310860F3
:1080700000E0A8464FF40043D4E900011840002175
:108080005840494008432AD1E06EB8B1B0F1805F52
:1080900006D0B0F1005F12D109E000002C44025874
:1080A000F948006840F40030F749086009E0012110
:1080B00004F1080003F0E2FB054602E001E00125BF
:1080C00000BF00BF55B9F0482430006820F0405090
:1080D000E16E0843EC492431086000E0A8464FF007
:1080E0008073D4E9001019400020594040400143FA
:1080F00028D1A06CA8B1012804D0022809D00328F7
:1081000010D10DE0E048006840F40030DE4908601E
:108110000AE0022104F1080003F0B0FB054603E089
:1081200002E001E0012500BF00BF55B9D64820306C
:10813000006820F00300A16C0843D3492031086097
:1081400000E0A8464FF48003D4E900101940002055
:108150005940404001437DD1CC48006840F48070D4
:10816000CA490860FDF71CFE064606E0FDF718FE4A
:10817000801B642801D9032505E0C448006800F489
:1081800080700028F2D000BF85BBBF484430006833
:1081900000F44070B4F8B01001F44071884213D07C
:1081A000B9484430006820F44077B748443000684C
:1081B00040F48030B449443108600846006820F437
:1081C0008030086008460760D4F8B000B0F5807FC2
:1081D00015D1FDF7E5FD064609E0FDF7E1FD801B41
:1081E00041F28831884202D9032507E038E0A648E9
:1081F00044300068C0F340000028EED000BF55BBFB
:1082000000BFB4F8B00000F44070B0F5407F0ED16C
:108210009D481C38006820F47C519D4AD4F8B00079
:10822000104041EA101098491C39086007E0964850
:108230001C38006820F47C5093491C39086092482F
:1082400044300068B4F8B010C1F30B0108438E4904
:10825000443101E005E001E0086002E0A84600E0EA
:10826000A8460122D4E900011040002113465840DD
:108270004940084330D1A06F18281AD005DC48B116
:10828000082808D0102817D10CE0202812D0282860
:1082900012D110E012E0012104F1080003F0EEFA1F
:1082A00005460BE0012104F1280003F099FB054687
:1082B00004E003E002E001E0012500BF00BF55B982
:1082C00071482830006820F03800A16F08436E49DB
:1082D0002831086000E0A8460223D4E900101940C4
:1082E000002059404040014329D1606F062816D232
:1082F000DFE800F003040B12131412E0012104F173
:10830000080003F0BBFA05460BE0012104F1280048
:1083100003F066FB054604E003E002E001E001250E
:1083200000BF00BF55B958482830006820F007004A
:10833000616F084354492831086000E0A8460422D0
:10834000D4E9001011400020134659404040014339
:108350002BD1D4F89000062816D2DFE800F00304F1
:108360000B12131412E0012104F1080003F086FA45
:1083700005460BE0012104F1280003F031FB05461E
:1083800004E003E002E001E0012500BF00BF5DB9A9
:108390003D482C30006820F00700D4F890100843C6
:1083A00039492C31086000E0A8462023D4E90001B7
:1083B0001840002158404940084337D1D4F88C0078
:1083C000B0F1405F1ED007DC68B1B0F1805F0BD028
:1083D000B0F1005F19D10EE0B0F1804F13D0B0F1D1
:1083E000A04F12D110E012E0002104F1080003F0C8
:1083F00045FA05460BE0022104F1280003F0F0FAEB
:10840000054604E003E002E001E0012500BF00BFF3
:108410005DB91D482830006820F0E040D4F88C1089
:10842000084319492831086000E0A8464023D4E9F0
:108430000010194000205940404001433CD1D4F87D
:108440009800B0F5406F25D007DC68B1B0F5806FBB
:108450000BD0B0F5006F20D10EE0B0F5805F1AD0E0
:10846000B0F5A05F19D117E019E0002104F1080070
:1084700003F004FA054612E0022104F1280003F09B
:10848000AFFA05460BE000002C44025800480258A1
:10849000FFFCFF0F03E002E001E0012500BF00BF89
:1084A0004DB9FE48006820F4E050D4F89810084315
:1084B000FA49086000E0A8468023D4E9001019407A
:1084C000002059404040014335D1D4F89C00B0F51C
:1084D000C04F1ED007DC68B1B0F5005F0BD0B0F51F
:1084E000804F19D10EE0B0F5004F13D0B0F5204FFA
:1084F00012D110E012E0002104F1080003F0BEF9EF
:1085000005460BE0022104F1280003F069FA054654
:1085100004E003E002E001E0012500BF00BF4DB927
:10852000DE48006820F46040D4F89C100843DB4922
:10853000086000E0A8460823D4E9000118400021A3
:1085400058404940084317D1D4F88000B0F5805F07
:1085500007D1022104F1280003F042FA08B14FF0DC
:108560000108CE48001F006820F44050D4F8801065
:108570000843CA49091F08601023D4E900011840C4
:10858000002158404940084315D1D4F89400B0F573
:10859000807F07D1022104F1280003F021FA08B1FD
:1085A0004FF00108BD48006820F44070D4F89410E2
:1085B0000843BA4908604FF40023D4E90001184089
:1085C000002158404940084327D1D4F8A00030B1D9
:1085D000B0F5803F0AD0B0F5003F0FD10DE000218B
:1085E00004F1080003F04AF9054609E0022104F10C
:1085F000280003F0F5F9054602E001E0012500BF7F
:1086000000BF4DB9A548006820F44030D4F8A01050
:108610000843A249086000E0A8464FF48023D4E94B
:108620000001184000215840494008432DD1D4F89A
:108630008400B0F5801F06D0B0F5001F0CD0B0F557
:10864000401F11D10FE095482C38006840F40030ED
:1086500092492C39086009E0012104F1280003F057
:10866000BFF9054602E001E0012500BF00BF5DB98A
:108670008A48001F006820F44010D4F88410084392
:108680008649091F086000E0A8464FF48032D4E90B
:10869000000110400021134658404940084325D1AD
:1086A000206D18B1B0F5803F10D108E07B482C3820
:1086B000006840F4003079492C39086008E0022154
:1086C00004F1080003F0DAF8054601E0012500BFD7
:1086D00000BF55B971480C38006820F48030216D16
:1086E00008436E490C39086000E0A8464FF000537B
:1086F000D4E900101940002059404040014307D1FF
:10870000022104F1280003F06BF908B14FF00108D1
:108710004FF40032D4E900011040002113465840C4
:108720004940084327D1E06FA0B1B0F5807F06D063
:10873000B0F5007F0CD0B0F5407F0CD109E0574870
:108740002C38006840F4003054492C39086004E0AB
:1087500003E002E001E0012500BF00BF55B94F482A
:10876000001F006820F44070E16F08434B49091F67
:10877000086000E0A8464FF48012D4E900101140D0
:108780000020134659404040014309D1434808386E
:10879000006820F00040216F084340490839086014
:1087A0004FF40013D4E9000118400021584049401B
:1087B000084309D139480838006820F08070A16E5C
:1087C00008433649083908604FF08043D4E9001067
:1087D0001940002059404040014311D100BF2F48AB
:1087E0004838006820F400402C49483908600846A1
:1087F0000068D4F8B410084328494839086000BF1D
:108800004FF00042D4E900011040002113465840C7
:108810004940084309D121480C38006820F04050F5
:10882000616D08431D490C3908604FF40002D4E91A
:1088300000101140002013465940404001430AD126
:108840001648001F006820F44000D4F88810084340
:108850001249091F08600122002160681040494048
:108860005040014306D104F1080003F007F8054623
:1088700005B1A846022200216068104049405040DE
:10888000014307D1012104F1080002F0F7FF05467A
:1088900005B1A84604230020616801E0584402584D
:1088A0001940042240405140084307D1022104F1FD
:1088B000080002F0E3FF054605B1A84608230020A2
:1088C00061681940082240405140084307D1002107
:1088D00004F1280003F084F8054605B1A8461023EA
:1088E000002061681940102240405140084307D1E0
:1088F000012104F1280003F073F8054605B1A846EC
:10890000202200216068104049405040014307D1B7
:10891000022104F1280003F063F8054605B1A846DA
:10892000B8F1000F02D10020BDE8F0810120FBE783
:108930002DE9F04104460D4614B90120BDE8F0814F
:10894000BD48006800F00F00A8420ED2BA48006887
:1089500020F00F002843B84908600846006800F07E
:108960000F00A84201D00120E8E7207800F00400C1
:1089700004280ED1B1492069096801F070018842CC
:1089800007D9AE48006820F0700021690843AB4960
:108990000860207800F00800082811D1A749091DB7
:1089A0006069096801F07001884209D9A348001D77
:1089B000006820F0700061690843A049091D086043
:1089C000207800F01000102811D19C49091DA069E1
:1089D000096801F4E061884209D99848001D0068DF
:1089E00020F4E060A16908439449091D08602078DB
:1089F00000F02000202811D190490831E069096871
:108A000001F07001884209D98C480830006820F0D4
:108A10007000E1690843894908310860207800F056
:108A2000020002280ED18549E068096801F00F01B3
:108A3000884207D98148006820F00F00E1680843A8
:108A40007E490860207800F00100002850D07B4863
:108A5000006820F47060A168084378490860606885
:108A6000022807D1754818380068C0F34040F8B9AB
:108A7000012063E76068032807D170481838006850
:108A8000C0F34060A0B9012058E76068012807D111
:108A90006A4818380068C0F3002048B901204DE743
:108AA000664818380068C0F3800008B9012045E71F
:108AB00062480838006820F00700616808435F4991
:108AC00008390860FDF76CF9064608E0FDF768F91B
:108AD000801B41F28831884201D903202EE7574894
:108AE0000838006800F038006168B0EBC10FEDD1C4
:108AF000207800F0020002280ED15049E068096891
:108B000001F00F01884207D24C48006820F00F00A6
:108B1000E1680843494908604748006800F00F00D1
:108B2000A8420ED94448006820F00F00284342496B
:108B300008600846006800F00F00A84201D001203C
:108B4000FCE6207800F0040004280ED13B4920699F
:108B5000096801F07001884207D23848006820F0A7
:108B600070002169084335490860207800F008004A
:108B7000082811D13149091D6069096801F07001A7
:108B8000884209D22D48001D006820F070006169FC
:108B900008432A49091D0860207800F010001028B9
:108BA00011D12649091DA069096801F4E0618842D4
:108BB00009D22248001D006820F4E060A169084342
:108BC0001E49091D0860207800F02000202811D1DE
:108BD0001A490831E069096801F07001884209D238
:108BE00016480830006820F07000E1690843134916
:108BF0000831086000F0ACF810490968C1F303219E
:108C00000F4A515C01F01F0120FA01F70B48006880
:108C100000F00F001146085C00F01F0027FA00F07A
:108C2000084908600848076008480068FDF7FAF836
:108C30008046404682E60000002000521844025858
:108C4000441801082C0000242800002420000024DF
:108C50003F220260174A126802F007024260154A7A
:108C60000832126802F470628260124A0832126896
:108C700002F00F02C2600F4A0832126802F070025E
:108C800002610C4A0C32126802F070024261094A19
:108C90000C32126802F4E0628261064A10321268F5
:108CA00002F07002C261044A126802F00F020A6008
:108CB00070470000104402580020005210B500F028
:108CC00047F80D490968C1F303210C4A515C01F0D2
:108CD0001F0120FA01F40848006800F00F00114657
:108CE000085C00F01F0024FA00F005490860054800
:108CF00004600846006810BD184402584418010872
:108D00002C0000242800002400B5FFF7D7FF0549F8
:108D10000968C1F30211044A515C01F01F01C84007
:108D200000BD00001C4402584418010800B5FFF7BC
:108D3000C5FF05490968C1F30221044A515C01F0ED
:108D40001F01C84000BD00001C440258441801081F
:108D5000F0B5824E366806F0380636B1082E15D0CA
:108D6000102E15D0182E7DD114E07C4E103E3668A2
:108D7000C6F3401646B1794E103E3668C6F3C107B9
:108D8000774E26FA07F000E07548E5E07548E3E025
:108D90007548E1E0714E1836366806F003046F4EF0
:108DA00018363668C6F305116C4E1C36366806F068
:108DB00001056A4E24363668C6F3CC0616FB05F666
:108DC00001EE106AB8EE410A002971D024B1012CDD
:108DD00050D0022C6DD16DE0604E103E3668C6F367
:108DE00040163EB35D4E103E3668C6F3C1075C4E7A
:108DF00026FA07F301EE103AF8EE411A01EE101AC6
:108E0000B8EE411A81EE812A9FED581AC0EE011A80
:108E1000524E20363668C6F3080601EE106AB8EEE8
:108E2000411A31EE811AF7EE001A31EE211A62EE84
:108E3000010A1EE001EE101AB8EE411ADFED4C1ADD
:108E400081EE812A9FED491AC0EE011A434E203669
:108E50003668C6F3080601EE106AB8EE411A31EE24
:108E6000811A00E076E0F7EE001A31EE211A62EE88
:108E7000010A5BE001EE101AB8EE411A9FED3D2A9F
:108E8000C2EE011A9FED391A80EE012A334E2036C8
:108E90003668C6F3080601EE106AB8EE411A32EEE3
:108EA000011AB7EE002A31EE021A61EE810A3DE0A6
:108EB0004EE01DE001EE101AB8EE411ADFED2E1A59
:108EC00081EE812A9FED291AC0EE011A234E203629
:108ED0003668C6F3080601EE106AB8EE411A31EEA4
:108EE000811AF7EE001A31EE211A62EE010A1DE036
:108EF00001EE101AB8EE411A9FED1E2AC2EE011AB9
:108F00009FED1A1A80EE012A144E20363668C6F3F9
:108F1000080601EE106AB8EE411A32EE011AB7EEF9
:108F2000002A31EE021A61EE810A00BF00BF0B4E2B
:108F300020363668C6F34626721C01EE102AB8EEBB
:108F4000411AC0EE811ABCEEE11A11EE100A00E0DF
:108F5000002001E0034800BF00BFF0BD10440258EC
:108F60000090D00300093D0000366E01000000466D
:108F70000024744C0024744A001BB74B2DE9F047C1
:108F8000044614B90120BDE8F087207800F0010004
:108F9000002870D0F948006800F03808F748183009
:108FA000D0F80090B8F1100F06D0B8F1180F0FD11B
:108FB00009F0030002280BD1F04810380068C0F314
:108FC000404000286AD06068002867D10120DAE7B5
:108FD00000BF6068B0F5803F08D1E84810380068ED
:108FE00040F48030E549103908602EE0606868B9C7
:108FF000E2481038006820F48030E04910390860F9
:109000000846006820F4802008601EE06068B0F523
:10901000A02F0DD1D9481038006840F48020D749DE
:10902000103908600846006840F4803008600CE0A1
:10903000D2481038006820F48030D04910390860D8
:109040000846006820F48020086000BF606898B17E
:10905000FCF7A6FE054606E0FCF7A2FE401B6428CE
:1090600001D903208FE7C54810380068C0F340409D
:109070000028F1D012E012E0FCF792FE054606E06F
:10908000FCF78EFE401B642801D903207BE7BB4818
:1090900010380068C0F340400028F1D100BF2078AC
:1090A00000F00200022879D1B448006800F03808C6
:1090B000B2481830D0F80090B8F1000F05D0B8F1E0
:1090C000180F35D109F0030088BBAC481038006890
:1090D000C0F3800018B1E06808B9012053E7A74841
:1090E0001038006820F01900E1680843A3491039DE
:1090F0000860FCF755FE054606E0FCF751FE401BF4
:10910000022801D903203EE79C4810380068C0F3CC
:1091100080000028F1D099480C38006820F0FE400B
:10912000217C40EA016095490C39086045E0FFE781
:10913000E06838B391481038006820F01900E16801
:1091400008438E4910390860FCF72AFE054606E000
:10915000FCF726FE401B022801D9032013E78748AD
:1091600010380068C0F380000028F1D083480C3824
:10917000006820F0FE40217C40EA01607F490C3904
:1091800008601AE07D481038006820F001007B4933
:1091900010390860FCF704FE054607E00EE0FCF716
:1091A000FFFD401B022801D90320ECE6734810386C
:1091B0000068C0F380000028F1D100BF207800F0E3
:1091C000100010286FD16D48006800F038086B4817
:1091D0001830D0F80090B8F1080F06D0B8F1180F89
:1091E0001CD109F00300012818D164481038006828
:1091F000C0F3002020B1E069802801D00120C2E640
:1092000000BF5E48001F006820F07C5094F82010DA
:1092100040EA01605949091F086043E0E06938B33A
:1092200056481038006840F08000544910390860F2
:10923000FCF7B6FD054606E0FCF7B2FD401B022830
:1092400001D903209FE64D4810380068C0F3002084
:109250000028F1D000BF4948001F006820F07C5072
:1092600094F8201040EA01604449091F086019E0A1
:1092700042481038006820F08000404910390860EA
:10928000FCF78EFD054606E0FCF78AFD401B022830
:1092900001D9032077E6394810380068C0F3002070
:1092A0000028F1D100BF207800F00800082836D14E
:1092B0006069D0B131486430006840F001002F4946
:1092C00064310860FCF76CFD054606E0FCF768FDBC
:1092D000401B022801D9032055E628486430006865
:1092E000C0F340000028F1D019E024486430006841
:1092F00020F00100214964310860FCF751FD05466A
:1093000006E0FCF74DFD401B022801D903203AE698
:109310001A4864300068C0F340000028F1D120787A
:1093200000F02000202838D1A069D0B113481038AF
:10933000006840F48050114910390860FCF730FD96
:10934000054606E0FCF72CFD401B022801D903204E
:1093500019E60A4810380068C0F340300028F1D000
:109360001BE006481038006820F48050034910398B
:109370000860FCF715FD054609E00000104402589E
:10938000FCF70EFD401B022801D90320FBE5D04865
:109390000068C0F340300028F2D1207800F00400CB
:1093A00004287DD1CB48006840F48070C94908602A
:1093B000FCF7F6FC054606E0FCF7F2FC401B6428CF
:1093C00001D90320DFE5C348006800F4807000285D
:1093D000F2D000BFA068012808D1BD4870300068F5
:1093E00040F00100BA49703108602DE0A06868B90A
:1093F000B7487030006820F00100B549703108604E
:109400000846006820F0040008601DE0A0680528F8
:109410000DD1AF487030006840F00400AC497031A5
:1094200008600846006840F0010008600CE0A848A9
:109430007030006820F00100A549703108600846CE
:10944000006820F00400086000BFA068A0B1FCF72D
:10945000A7FC054608E0FCF7A3FC401B41F288315D
:10946000884201D903208EE5994870300068C0F326
:1094700040000028EFD013E0FCF792FC054608E01E
:10948000FCF78EFC401B41F28831884201D9032051
:1094900079E58F4870300068C0F340000028EFD1B4
:1094A000606A00287DD08A481030006800F03800DB
:1094B000182877D0606A022875D18548006820F0A6
:1094C000807083490860FCF76BFC054606E0FCF7FA
:1094D00067FC401B022801D9032054E57C48006842
:1094E000C0F340600028F2D100BFD4E90A1041EA7D
:1094F000001077492831096840F2F332914308435C
:10950000734928310860208E401EC0F30800616B4B
:10951000491E4FF47E4202EA41210843218F491E31
:10952000D20102EA014108433C21095D491E1202B1
:1095300002EA0161084366493031086000BF081F34
:10954000006820F00100091F08606148343000689D
:109550004FF6F8718843A16C40EAC1005C49343190
:1095600008605B482C30006820F00C00216C084338
:1095700057492C3108600846006820F00200616CF1
:10958000084353492C3108600846006840F4803095
:1095900008600846006840F400300860084600682B
:1095A00002E092E038E01FE040F4802008600846C6
:1095B000006840F0010008604548006840F0807095
:1095C00043490860FCF7ECFB054606E0FCF7E8FBC6
:1095D000401B022801D90320D5E43D480068C0F3B0
:1095E00040600028F2D070E03948006820F08070B8
:1095F00037490860FCF7D4FB054606E0FCF7D0FBD2
:10960000401B022801D90320BDE431480068C0F3A3
:1096100040600028F2D158E02D48283007682C48D7
:1096200030300668606A012821D007F00301A06A83
:1096300081421CD1C7F30511E06A884217D1C6F3F5
:109640000801206B401E814211D1606B401EC6F3A1
:10965000462188420BD1A06B401EC6F306418842CA
:1096600005D1E06B401EC6F30661884201D001209F
:1096700089E4174834300068C0F3CC07A06CB842C6
:1096800023D013482C30006820F0010010492C3101
:109690000860FCF785FB054600BFFCF781FB401B1B
:1096A000FBD00B48343000684FF6F8718843A16C4A
:1096B00040EAC10006493431086005482C30006892
:1096C00040F0010002492C31086000205BE40000FA
:1096D0000044025800480258704700002DE9F05F2E
:1096E0000446206807692068D0F8148007EA080556
:1096F0002068D0F808904FF0000A94F88160206844
:1097000000F1300B08F40060B0F5006F0ED107F0E7
:10971000080008280AD12068806940F400602168A8
:109720008861204600F0B9FABDE8F09F05F04000DE
:1097300070B905F0200058B905F00400042807D1DD
:109740002046616F88472046216F88474FF0010A05
:1097500005F0400050B905F0010038B105F00400F3
:1097600020B92046216F88474FF0010A05F02000FC
:1097700058B905F00200022807D105F0040020B90D
:109780002046616F88474FF0010ABAF1000F00D000
:10979000CAE705F00800082863D12068806940F016
:1097A0000800216888612068806940F01000216805
:1097B00088612068806940F40060216888612068C1
:1097C000006920F00800216808612068806800F4C2
:1097D000404038BB22E0E0680F2807D92068006BC2
:1097E000616E0860606E001D606612E0E068072828
:1097F00007D9BBF80000616E0880606E801C60664F
:1098000007E0206890F83000616E0870606E401CC0
:109810006066B4F86A00401EA4F86A00B4F86A00F2
:109820000028D8D1204602F095F9012084F8810063
:10983000D4F8840018B12046FFF74EFF74E7052ED8
:1098400003D1204600F02BFA0AE0042E03D1204673
:1098500000F022FA04E0032E02D1204600F01EFAA6
:1098600062E705F4587000287DD005F0400058B13B
:10987000D4F8840040F00400C4F8840020688069B3
:1098800040F040002168886105F4007058B1D4F8B8
:10989000840040F00100C4F884002068806940F42E
:1098A00000702168886105F4807058B1D4F8840094
:1098B00040F00800C4F884002068806940F480709B
:1098C0002168886105F0200058B1D4F8840040F088
:1098D0008000C4F884002068806940F0200021687E
:1098E0008861D4F88400A8B32068006820F00100E3
:1098F000216808602068006940F26B318843216864
:10990000086109F44040B0F5404F25D120688068D7
:1099100020F4404021688860E06F60B11348E16F37
:109920000865E06FF9F740FD28B1D4F8840040F0F5
:109930004000C4F88400A06F60B10C48A16F0865B6
:10994000A06FF9F731FD28B1D4F8840040F0400051
:10995000C4F8840006E006E0012084F88100204677
:10996000FFF7BAFEE0E600BFDEE600002BBC000811
:1099700070B504460CB9012070BD606A00B900BF23
:109980000021A1626349206888420CD062492068A6
:10999000884208D061492068884204D0E0680F28D6
:1099A00001D90120E8E7204602F04DF90546594962
:1099B0002068884209D058492068884205D0574914
:1099C0002068884201D0082D0DD85249206888426D
:1099D00007D051492068884203D050492068884206
:1099E00003D1102D01D90120C6E794F8810028B9D0
:1099F000002084F88000204600F092F8022084F8CD
:109A000081002068006820F001002168086020685B
:109A1000806800F4F816A069B0F1806F11D1606819
:109A2000B0F5800F01D1A06B28B1606848B9A06B78
:109A3000B0F1805F05D12068006840F48050216853
:109A40000860606800F48000B0F5800F0BD1E0681A
:109A5000072808D32068006820F48070216D08432F
:109A60002168086005E02068006820F480702168A3
:109A70000860A16AE06908433043E16B0843E1688C
:109A8000084321688860616A606B0843A16B0843E2
:109A9000A16908432169084361690843216A0843B1
:109AA00061680843E16C0843A1680843A16C08435E
:109AB000A16D08432168C860606878B92068806833
:109AC00020F4C05040F400602168886020688068FD
:109AD00020F4C06040F48060216888602068006DD8
:109AE00020F0010021680865606800F48000B0F58E
:109AF000800F07D12068C06820F00040616D0843E6
:109B00002168C8600020C4F88400012084F8810026
:109B1000002031E70030014000380040003C0040A8
:109B200010B5B6B00446142130A8F6F797FCB8215A
:109B300002A8F6F793FC5149206888427DD1811430
:109B40000020CDE90210199002A8FEF78DF808B1A7
:109B5000F7F7C3FF00BF4A48006840F48040484917
:109B600008600846006800F48040019000BF00BF14
:109B700000BF43480838006840F0040040490839F5
:109B800008600846006800F00400019000BF00BFB4
:109B900000BF0846006840F0020008600846006800
:109BA00000F00200019000BF00BF062030900220AC
:109BB000319000203290032033900520349030A95A
:109BC0003048FBF7EFFF4FF4005030900220319007
:109BD00000203290032033900520349030A92A4889
:109BE000FBF7E0FF29482A49086027204860002148
:109BF00027488160C1604FF48061016100214161AB
:109C00008161C1614FF44031016200214162FAF784
:109C100013FB08B1F7F761FF00BF1D48E0678463DD
:109C200000BF1A4818301B490860282048604021AE
:109C3000184881600021C16000E01DE04FF48061A0
:109C40000161002141618161C1614FF40031016214
:109C500000214162FAF7F0FA08B1F7F73EFF00BFC2
:109C60000C48A067846300BF002205212420FCF774
:109C700055F92420FCF73EF936B010BD00380040FD
:109C8000E84402580008025800040258100002403C
:109C9000AC050024240600247047704770477047C5
:109CA000704770477047000030B502460B4600BF52
:109CB00092F83C00012801D1022030BD012082F839
:109CC0003C0000BF022082F83D0010684168106827
:109CD0008468254D1068A84203D0244D1068A8421E
:109CE00003D121F470015868014321F07001186814
:109CF0000143106841601C4D1068A84223D01068D1
:109D0000B0F1804F1FD01A4D1068A8421BD0194DDA
:109D10001068A84217D0184D1068A84213D0134DF0
:109D20001068A8420FD0154D1068A8420BD0144DF2
:109D30001068A84207D0134D1068A84203D0124DF6
:109D40001068A84205D124F0800498680443106884
:109D50008460012082F83D0000BF002082F83C00B2
:109D600000BF00BFA9E7000000000140000401405F
:109D70000004004000080040000C004000180040B3
:109D80000040014000E0004000E4004010B50446FF
:109D90000CB9012010BD94F83D0028B9002084F8CA
:109DA0003C00204600F029F8022084F83D00211DE7
:109DB000206802F055F8012084F8480000BF84F8BC
:109DC0003E0001213F200155402001554120015511
:109DD000422001554320015500BF00BF012084F8F7
:109DE000440045200155462001554720015500BF3C
:109DF000012084F83D000020CCE77047014691F82F
:109E00003D00012801D001207047022081F83D006B
:109E10000868C06840F001000B68D860204B0868F3
:109E2000984223D00868B0F1804F1FD01D4B0868BE
:109E300098421BD01C4B0868984217D01B4B0868EF
:109E4000984213D01A4B086898420FD0194B0868F3
:109E500098420BD0184B0868984207D0174B0868F7
:109E6000984203D0164B0868984210D10868806861
:109E7000144B00EA0302062A0FD0B2F5803F0CD043
:109E80000868006840F001000B68186005E0086889
:109E9000006840F001000B6818600020B4E7000083
:109EA000000001400004004000080040000C004099
:109EB00000040140001800400040014000E0004064
:109EC00000E4004007000100704770B504462068B8
:109ED000C6682068056905F00200022819D106F05D
:109EE0000200022815D1401F216808610120207757
:109EF0002068806900F0030018B12046FFF7E4FFF6
:109F000005E0204600F0FEF8204600F017FA002099
:109F1000207705F00400042819D106F00400042875
:109F200015D1C0432168086102202077206880692C
:109F300000F4407018B12046FFF7C6FF05E0204648
:109F400000F0E0F8204600F0F9F90020207705F055
:109F50000800082819D106F00800082815D1C043C8
:109F600021680861042020772068C06900F00300A0
:109F700018B12046FFF7A8FF05E0204600F0C2F820
:109F8000204600F0DBF90020207705F010001028B3
:109F900019D106F01000102815D1C04321680861BE
:109FA000082020772068C06900F4407018B120466E
:109FB000FFF78AFF05E0204600F0A4F8204600F0F5
:109FC000BDF90020207705F0010048B106F001003E
:109FD00030B16FF0010021680861204600F0E0FA1E
:109FE00005F08000802804D005F40050B0F5005F33
:109FF0000AD106F08000802806D16FF40250216853
:10A0000008612046FFF74DFE05F48070B0F5807FB3
:10A010000AD106F08000802806D16FF48070216894
:10A0200008612046FFF73CFE05F04000402809D1BA
:10A0300006F04000402805D1C04321680861204651
:10A0400000F0B7FA05F02000202809D106F0200022
:10A05000202805D1C043216808612046FFF722FE71
:10A0600070BD000010B586B00446142101A8F6F7B3
:10A07000F5F92049206888421AD100BF1E480068BF
:10A0800040F002001C4908600846006800F0020029
:10A09000009000BF00BF02200190029000200390BA
:10A0A00004900220059001A91448FBF77BFD1FE0F6
:10A0B0001349206888421BD100BF0F48006840F058
:10A0C00002000D4908600846006800F00200009098
:10A0D00000BF00BF4FF4004001900220029000201A
:10A0E000039004900220059001A90448FBF75AFD53
:10A0F00006B010BD00040040E044025800040258BD
:10A100000018004070472DE9F04104460D46164600
:10A11000002700BF94F83C00012802D10220BDE8CE
:10A12000F081012084F83C0000BF0C2E51D005DCEA
:10A130004EB1042E1ED0082E7AD133E0102E60D0FE
:10A14000142EF9D175E02946206801F013FF20682C
:10A15000806940F00800216888612068806920F0EB
:10A1600004002168886120688069296908432168A2
:10A17000886178E02946206801F052FF20688069F4
:10A1800040F40060216888612068806920F4806064
:10A190002168886120688069296940EA0120216876
:10A1A000886160E02946206801F094FF2068C0695A
:10A1B00040F008002168C8612068C06920F00400F0
:10A1C0002168C8612068C069296908432168C8619D
:10A1D00049E02946206801F0D7FF2068C06940F4B3
:10A1E00000602168C8612068C06920F4806021682F
:10A1F000C8612068C069296940EA01202168C861F6
:10A2000031E02946206801F0F9FF2068406D40F0F8
:10A210000800216848652068406D20F0040021682E
:10A2200048652068406D29690843216848651AE03F
:10A2300017E02946206802F019F82068406D40F4C4
:10A240000060216848652068406D20F480602168C6
:10A2500048652068406D296940EA01202168486509
:10A2600001E0012700BF00BF00BF002084F83C00D0
:10A2700000BF384653E710B504460CB9012010BDA5
:10A2800094F83D0028B9002084F83C00204600F0F6
:10A2900029F8022084F83D00211D206801F0E0FD2E
:10A2A000012084F8480000BF84F83E0001213F20CF
:10A2B00001554020015541200155422001554320C0
:10A2C000015500BF00BF012084F84400452001551E
:10A2D000462001554720015500BF012084F83D006C
:10A2E0000020CCE708B5124A016891420DD100BFA9
:10A2F0001049096841F002010E4A116011460968CF
:10A3000001F00201009100BF11E00B4A0168914287
:10A310000DD100BF0749096841F04001054A1160AD
:10A320001146096801F04001009100BF00BF08BD5F
:10A3300000040040E8440258001800407047000044
:10A3400070B504460D4615B994F83E0015E0042D8D
:10A3500002D13F20005D10E0082D02D14020005DB9
:10A360000BE00C2D02D14120005D06E0102D02D142
:10A370004220005D01E04320005D012801D0012062
:10A3800070BD1DB9022084F83E001AE0042D03D1EF
:10A3900002213F20015514E0082D03D10221402065
:10A3A00001550EE00C2D03D102214120015508E09A
:10A3B000102D03D102214220015502E00221432049
:10A3C000015501222946206801F0C2FD2F4920686D
:10A3D00088420FD02E49206888420BD02D49206832
:10A3E000884207D02C492068884203D02B49206836
:10A3F000884201D1012000E0002028B12068406C93
:10A4000040F400402168486420492068884223D0F5
:10A410002068B0F1804F1FD02149206888421BD0AE
:10A4200020492068884217D01F492068884213D0ED
:10A430001749206888420FD01C49206888420BD0F9
:10A4400014492068884207D019492068884203D0FF
:10A4500018492068884210D120688068164900EAAF
:10A460000106062E0FD0B6F5803F0CD0206800689C
:10A4700040F001002168086005E02068006840F0B5
:10A4800001002168086000207AE700000000014018
:10A4900000040140004001400044014000480140E8
:10A4A0000004004000080040000C0040001800407C
:10A4B00000E0004000E400400700010030B5044621
:10A4C0000D4600222946206801F042FD2F492068F0
:10A4D00088420FD02E49206888420BD02D49206831
:10A4E000884207D02C492068884203D02B49206835
:10A4F000884201D1012000E0002090B100BF206817
:10A50000006A41F21111084050B92068006A8910B0
:10A51000084028B92068406C20F400402168486455
:10A5200000BF00BF2068006A41F21111084050B915
:10A530002068006A8910084028B92068006820F067
:10A5400001002168086000BF1DB9012084F83E00A9
:10A550001AE0042D03D101213F20015514E0082DFC
:10A5600003D10121402001550EE00C2D03D1012122
:10A570004120015508E0102D03D101214220015551
:10A5800002E0012143200155002030BD00000140C0
:10A5900000040140004001400044014000480140E7
:10A5A00010B504462068B0F1804F01D1FBF7FEFBE7
:10A5B00010BD7047014600BF91F88400012801D109
:10A5C00002207047012081F8840000BF2420C1F8D8
:10A5D0008800086802680868006820F001000B68BD
:10A5E000186022F0005200204866086802602020AF
:10A5F000C1F8880000BF002081F8840000BF00BFC0
:10A60000DFE72DE9F04104460E461746D4F88C00EA
:10A61000202825D106B117B90120BDE8F08101201D
:10A62000E066002020673A463146204602F09AFB59
:10A6300005469DB9E06E01280FD1102021680862FF
:10A6400000BF00BF216851E8001F41F010002268E0
:10A6500042E800010029F5D100E001252846DCE7A9
:10A660000220DAE77047704770B504460D4600BF18
:10A6700094F88400012801D1022070BD012084F8E3
:10A68000840000BF2420C4F8880020680668206881
:10A69000006820F00100216808602068806820F0D0
:10A6A0006060284321688860204601F017FE20681A
:10A6B00006602020C4F8880000BF002084F88400D1
:10A6C00000BF00BFD9E770B504460D4600BF94F83F
:10A6D0008400012801D1022070BD012084F884008B
:10A6E00000BF2420C4F8880020680668206800683D
:10A6F00020F00100216808602068806820F0604038
:10A70000284321688860204601F0E8FD2068066043
:10A710002020C4F8880000BF002084F8840000BF17
:10A7200000BFD9E770477047704700002DE9F04738
:10A7300004462068C569206806682068876840F676
:10A740000F0005EA0009B9F1000F0FD105F0200054
:10A7500060B106F0200010B907F0805030B1606F92
:10A7600010B12046616F8847BDE8F087B9F1000F4E
:10A770007ED0FE48384018B9FD4830400028F7D058
:10A7800005F0010058B106F4807040B10120216845
:10A790000862D4F8900040F00100C4F8900005F081
:10A7A000020058B107F0010040B1022021680862A0
:10A7B000D4F8900040F00400C4F8900005F00400C4
:10A7C00058B107F0010040B1042021680862D4F8B4
:10A7D000900040F00200C4F8900005F0080070B14D
:10A7E00006F0200010B9E148384040B10820216847
:10A7F0000862D4F8900040F00800C4F8900005F416
:10A80000006060B106F0806048B14FF400602168DC
:10A810000862D4F8900040F02000C4F89000D4F80A
:10A820009000002852D005F0200050B106F0200022
:10A8300010B907F0805020B1606F10B12046616FF1
:10A840008847D4F890A02068806800F04000402835
:10A8500002D00AF0280070B3204601F001FF206802
:10A86000806800F04000402826D100BF00BF00E013
:10A870002DE02168083151E8001F21F040002168D7
:10A88000083141E80002002AF1D100BFD4F880006D
:10A8900068B1B848D4F880100865D4F88000F8F79B
:10A8A00083FD98B1D4F88000016D88470EE0204602
:10A8B000FFF73AFF0AE003E02046FFF735FF05E027
:10A8C0002046FFF731FF0020C4F890004CE7E06E0F
:10A8D00001287DD105F01000002879D006F0100085
:10A8E0000028FAD01020216808622068806800F0F3
:10A8F000400040286DD1D4F8800000689E4988420D
:10A900006BD0D4F8800000689B491831884264D02D
:10A91000D4F8800000689849303188425DD0D4F87E
:10A920008000006894494831884256D0D4F88000AD
:10A9300000689149603188424FD0D4F880000068A7
:10A940008D497831884248D0D4F8800000688A491F
:10A950009031884241D0D4F8800000688649A831FF
:10A9600088423AD0D4F8800000688449884234D0C4
:10A97000D4F8800000688149183188422DD0D4F87D
:10A98000800000687D493031884226D0D4F88000AC
:10A9900000687A49483188421FD0D4F880000068A6
:10A9A00076496031884218D0D4F880000068734935
:10A9B0007831884211D0D4F8800000686F49903116
:10A9C00088420AD0D4F8800000686C49A83102E0BF
:10A9D000AEE069E001E0884204D1D4F8800000686C
:10A9E000406803E0D4F88000006840681FFA80F8EF
:10A9F000B8F1000F57D0B4F85C00404553DDA4F81F
:10AA00005E80D4F88000C069B0F5807F40D000BF80
:10AA100000BF216851E8001F21F48070226842E8DD
:10AA200000010029F5D100BF00BF00BF2168083137
:10AA300051E8001F21F001002168083141E80002BF
:10AA4000002AF3D100BF00BF00BF2168083151E8E0
:10AA5000001F21F040002168083141E80002002A6F
:10AA6000F3D100BF2020C4F88C000020E06600BFB6
:10AA700000BF216851E8001F21F01000226842E861
:10AA800000010029F5D100BFD4F88000F8F71EFAC4
:10AA900002202067B4F85C00B4F85E20801A81B20E
:10AAA0002046FFF7DFFD5FE634F85C0F6188401A4F
:10AAB0001FFA80F860885C3CC8B3B8F1000F36D04C
:10AAC00000BF00BF216851E8001F21F49070226888
:10AAD00042E800010029F5D100BF00BF00BF216896
:10AAE000083151E8001F214AD24301EA02002168DF
:10AAF000083141E80002002AF1D100BF2020C4F84B
:10AB00008C000020E066606700BF00BF216851E84C
:10AB1000001F21F01000226842E800010029F5D151
:10AB200000BF0220206741462046FFF79BFD1BE641
:10AB300005F4801050B107F4800038B14FF4801054
:10AB4000216808622046FFF7EEFD0DE605F0800063
:10AB5000B0B106F0800010B907F4000080B1A06F1A
:10AB600010B12046A16F8847FEE5000001000010EB
:10AB70002001000417C50008100002401004024024
:10AB800005F0400030B106F0400018B1204601F059
:10AB90009DFDE9E505F4000030B106F0804018B1F4
:10ABA0002046FFF7BFFDDFE505F0807030B106F00D
:10ABB000004018B12046FFF756FDD5E500BFD3E5AC
:10ABC00010B504460CB9012010BDA06900B100E029
:10ABD00000BFD4F8880028B9002084F884002046FB
:10ABE00000F02AF82420C4F888002068006820F0CB
:10ABF000010021680860A06A10B1204601F09AFBAC
:10AC0000204601F09BFD012800D1DDE72068406867
:10AC100020F49040216848602068806820F02A0075
:10AC2000216888602068006840F0010021680860A1
:10AC3000204601F0FBFBC7E710B5B6B0044614216F
:10AC400030A8F5F70BFCB82102A8F5F707FC40493E
:10AC50002068884279D101210020CDE9021020909E
:10AC600002A8FDF701F808B1F6F737FF00BF394831
:10AC7000006840F01000374908600846006800F09E
:10AC80001000019000BF00BF00BF324810380068BC
:10AC900040F001002F49103908600846006800F0B4
:10ACA0000100019000BF00BF4FF4C060309002204F
:10ACB00031900020329033900720349030A92648FC
:10ACC000FAF770FF254826490860292048600021CE
:10ACD00023488160C1604FF48061016100214161BE
:10ACE0008161C16101624162F9F7A6FA08B1F6F724
:10ACF000F4FE00BF1A48C4F88000846300BF174800
:10AD00001830184908602A204860402115488160A1
:10AD10000021C1604FF480610161002141618161C6
:10AD2000C16101624162F9F787FA08B1F6F7D5FE11
:10AD300000BF0C48E067846300BF00220721252084
:10AD4000FBF7ECF82520FBF7D5F836B010BD000076
:10AD500000100140F0440258000002584000024038
:10AD6000C80700244008002470477047704700BFA0
:10AD7000FEE730B50B46002100BF16E00A24B4EB15
:10AD8000107F05D9302404EB107403F8114005E05E
:10AD9000412404EB10740A3C03F811400001002523
:10ADA0004C00641C1D554C1CE1B29142E6DB30BDE9
:10ADB0008168024A1140491C81607047C0FFFF7FD3
:10ADC0000146886800F01F007047024602F16000EB
:10ADD00000EB8103186800F0F8407047014688686E
:10ADE000C0F3C000704701468868C0F34000704758
:10ADF0000146886800F0010070470146886800F04D
:10AE00000100704701468868C0F300707047014632
:10AE10008868C0F38000704701468868C0F38000EE
:10AE200070470146C86800F4406008B901207047C7
:10AE30000020FCE78168024A1140091D81607047CB
:10AE4000C0FFFF7F70B500F11404C1F3406504EB4F
:10AE500085031C68C1F304560725B540AC43C1F314
:10AE6000045502FA05F52C431C6070BD826822F07F
:10AE7000E0720A438260704710B5034603F1600434
:10AE800004EB8100074CA34205D1046824F0004480
:10AE90001443046004E0046824F000441443046094
:10AEA00010BD00000060025800B58DB000200A906F
:10AEB0000B900C90242101A8F5F7D0FA27482849D7
:10AEC00008604FF41010486000212548816001217E
:10AED00001610421416100210176012141760221B5
:10AEE000C161002180F820108162C16203210163E9
:10AEF0000021C163016480F8441001218164F7F7E7
:10AF0000F5FC08B1F6F7E9FD00200A900AA91448FB
:10AF1000F7F76EF808B1F6F7E0FD12480190062049
:10AF200002900020039040F2FF70049004200590EE
:10AF3000002006908DF8250001A90948F7F70AF9C5
:10AF400008B1F6F7CAFD0C20029001A90448F7F7F2
:10AF500001F908B1F6F7C1FD0DB000BD00200240B7
:10AF60005C0200241000C01008B500BF1A48006839
:10AF700040F00100184908600846006800F0010030
:10AF8000009000BF00BF002206210B20FAF7C6FF89
:10AF90000B20FAF7AFFF002206210C20FAF7BEFFC4
:10AFA0000C20FAF7A7FF002205210D20FAF7B6FFC3
:10AFB0000D20FAF79FFF002205210E20FAF7AEFFC1
:10AFC0000E20FAF797FF002205210F20FAF7A6FFBF
:10AFD0000F20FAF78FFF08BDD844025810B51F485C
:10AFE0001F4908604FF44070886000211C48C16010
:10AFF00001210174002141740121817441611421F6
:10B0000081613B21C1611421016201214162022160
:10B0100081620D21C162022101630021416304218B
:10B020008163C1630A2101640421416400218164B8
:10B030000421C1640021016504214165002181656D
:10B04000C1650A2101660021416604218166FAF783
:10B0500075F908B1F6F741FD10BD000000A00040F1
:10B060004403002410B51F481F4908604FF4407086
:10B07000886000211C48C1600121017400214174D5
:10B08000012181744161142181613B21C16114213D
:10B09000016201214162022181620D21C16202210E
:10B0A000016340F25631416305218163C163002190
:10B0B0000164042141640A2181640421C1640021E6
:10B0C00001650421416500218165C1650A21016690
:10B0D0000021416604218166FAF730F908B1F6F7DC
:10B0E000FCFC10BD00A40040E403002410B51F4880
:10B0F0001F4908604FF44070886000211C48C160FF
:10B1000001210174002141740121817441611421E4
:10B1100081613B21C161142101620121416202214F
:10B1200081620D21C1620221016340F2AD61416380
:10B1300005218163C1630A21016404214164002166
:10B1400081640421C164002101650421416500215D
:10B150008165C1650C21016600214166042181667B
:10B16000FAF7ECF808B1F6F7B8FC10BD00D40040CF
:10B170008404002400B59FB0142224491AA8F5F7CE
:10B1800054F900211AA805F098FB214908601422FF
:10B190001E49143115A8F5F748F9002115A805F046
:10B1A0008CFB1C49086014221849283110A8F5F7B7
:10B1B0003CF9002110A805F080FB17490860142213
:10B1C00012493C310BA8F5F730F900210BA805F026
:10B1D00074FB1249086014220C49503106A8F5F797
:10B1E00024F9002106A805F068FB0D490860142227
:10B1F0000649643101A8F5F718F9002101A805F006
:10B200005CFB084908601FB000BD00004017010842
:10B210000000002404000024080000240C00002486
:10B22000100000241400002400B587B0142102A8E7
:10B23000F5F714F900BF5548006840F00400534981
:10B2400008600846006800F00400019000BF00BFDD
:10B2500000BF0846006840F08000086008460068AB
:10B2600000F08000019000BF00BF00BF08460068EA
:10B2700040F0010008600846006800F001000190FD
:10B2800000BF00BF00BF0846006840F00200086031
:10B290000846006800F00200019000BF00BF00BF38
:10B2A0000846006840F0100008600846006800F09A
:10B2B0001000019000BF00BF00BF0846006840F0CA
:10B2C000080008600846006800F00800019000BF10
:10B2D00000BF00224FF4C0412D48FAF75BFD012268
:10B2E00009212B48FAF756FD012204212948FAF7D3
:10B2F00051FD01224FF408512748FAF74BFD4FF456
:10B30000C04002900120039000200490059002A903
:10B310001F48FAF747FC0920029001200390002003
:10B3200004900320059002A91948FAF73BFC01207C
:10B330000290002003900120049002A91548FAF71A
:10B3400031FC04200290012003900490032005901A
:10B3500002A91048FAF726FC4FF408500290012089
:10B36000039004900320059002A90B48FAF71AFCF9
:10B370004FF4A05002904FF48810039000200490E6
:10B3800002A90548FAF70EFC07B000BDE0440258D8
:10B3900000080258000002580010025810B5164864
:10B3A000164908604FF4800048600021134881600E
:10B3B0000721C1604FF000710161491041618900AE
:10B3C00081610901C1610021016241628162C16242
:10B3D0004FF08041416300218163C1630164416496
:10B3E0008164C164016541658165FEF7C1FA08B1F8
:10B3F000F6F773FB10BD0000003800402405002460
:10B4000000B58BB00020089009900A901C2101A87B
:10B41000F5F724F8184819490860172048600021FA
:10B420001648816040F2CF71C160002101618161E5
:10B43000FEF721FF08B1F6F750FB002008900A90B4
:10B4400008A90E48FEF730FC08B1F6F746FB60206D
:10B4500001904FF47A70029000200390059004222E
:10B4600001A90648FEF74FFE08B1F6F736FB034880
:10B47000FEF7F8FD0BB000BD00180040E806002400
:10B4800000B58BB00020089009900A901C2101A8FB
:10B49000F4F7E4FF184819490860172048600021B4
:10B4A0001648816042F20F71C16000210161802164
:10B4B0008161FEF7E0FE08B1F6F70FFB002008906F
:10B4C0000A9008A90D48FEF7EFFB08B1F6F705FB57
:10B4D0006020019000200290039005900C2201A9A9
:10B4E0000648FEF710FE08B1F6F7F7FA0348FEF734
:10B4F000B9FD0BB000BD0000000400409C06002414
:10B5000010B51848184908604FF4612048600021C0
:10B5100015488160C16001610C2141610021816198
:10B52000C1610162416200200F4988620846FFF74D
:10B5300047FB08B1F6F7D1FA00210B48FFF7C3F833
:10B5400008B1F6F7CAFA00210748FFF78DF808B1ED
:10B55000F6F7C3FA0448FFF72DF808B1F6F7BDFA7D
:10B5600010BD0000001001403407002410B5012276
:10B570000E490F4802F050FB08B1F6F7AEFA0D493C
:10B580000B4802F087FE08B1F6F7A7FA0A49084807
:10B5900001F030FF08B1F6F7A0FA054802F07CFF91
:10B5A00008B1F6F79AFAFBF725FC10BD5801002404
:10B5B000F88B0024DC010024B801002400BFFEE762
:10B5C00000BFFEE710B50248FAF7DAFE10BD000032
:10B5D00070A100242DE9F04704460D462668374641
:10B5E000D6F8408007F5306000EB4510D0F80890A1
:10B5F000104880450BD909F40040B0F5004F06D142
:10B600004FF4004107F5306000EB451081602046A3
:10B61000FBF776FB0748804508D9A079012805D1BA
:10B6200004F29C420121206803F0EAFB0020BDE8FF
:10B63000F08700000A30544F2DE9F04705460C46CC
:10B64000D5F800904E46D9F840A006F5306000EBE2
:10B650004410D0F80880A879012855D108F00800D6
:10B6600008280FD1434882450BD908F40040B0F5B3
:10B67000004F7BD14FF4004106F5306000EB4410E1
:10B68000816073E008F02000202806D1202106F513
:10B69000306000EB4410816068E008F0280000286A
:10B6A00064D1344882450CD908F40040B0F5004F0D
:10B6B00007D14FF4004106F5306000EB4410816083
:10B6C00054E004EBC40105F5157000EB810706F5A5
:10B6D000306000EB4410396A0069C0F31200081AA8
:10B6E000786164B9386930B905F29C420121286853
:10B6F00003F086FB03E07969F8680844F860E1B27A
:10B700002846FAF7B5FC31E01B4882451BD108F406
:10B710000040B0F5004F07D14FF4004106F530600E
:10B7200000EB4410816021E008F02000202805D1C2
:10B73000202106F5306000EB44108160E1B228461C
:10B74000FAF796FC12E06CB904EBC40105F515702C
:10B7500000EB8100006928B905F29C4200212868AD
:10B7600003F04EFBE1B22846FAF782FC0020BDE868
:10B77000F08700000A30544F0A31544F2DE9F84F3A
:10B7800007460E46D7F80090C84606EBC60107F1FB
:10B79000140000EB8104D4E90410884202D901208E
:10B7A000BDE8F88FD4E90401451AA068A84200D288
:10B7B000A568E81C4FEA900A17E0D4E90401451A8D
:10B7C000A068A84200D2A568E81C4FEA900AB879A0
:10B7D000ABB2F2B200904846E16803F0D3FFE068F4
:10B7E0002844E06060692844606108F5106000EB5F
:10B7F0004610806980B2504506D3D4E904108842CF
:10B8000002D220690028D8D1D4E9040188420ED898
:10B8100006F00F01012000FA01FB40F6340050F859
:10B82000080020EA0B0040F6340141F8080000202F
:10B83000B6E700B5AFB0B8216846F4F70FFE4FF495
:10B8400000410020CDE90010022002902821039140
:10B85000022104910621059102210691C021079140
:10B8600000210891099100071B906846FCF7FCF93C
:10B8700008B1F6F732F92FB000BD00002DE9F04114
:10B8800004460E4600275548006800F003000328D0
:10B8900002D10120BDE8F08150482838006820F02E
:10B8A00080604E4928390860FAF77AFA054606E0C2
:10B8B000FAF776FA401B022801D90320EAE7474845
:10B8C00028380068C0F3C0600028F1D100BF4348A9
:10B8D000006820F47C30216840EA01303F4908606C
:10B8E000A088401EC0F30800A168491E4FF47E42A4
:10B8F00002EA41210843A189491ED20102EA01411D
:10B900000843217C491E120202EA016108433349BF
:10B910001031086000BF3148001D006820F0C000F1
:10B92000616908432D49091D08600846006820F038
:10B930002000A16908432949091D086008460068DC
:10B9400020F0100008602548143000684FF6F871A8
:10B950008843E16940EAC1002049143108601F486A
:10B96000001D006840F010001C49091D08602EB938
:10B970000846006840F40020086012E0012E08D15B
:10B980001648001D006840F480101449091D086025
:10B9900007E01248001D006840F400100F49091D1F
:10B9A00008600E482838006840F080600B4928394C
:10B9B0000860FAF7F5F9054606E0FAF7F1F9401BD9
:10B9C000022801D9032065E7044828380068C0F33D
:10B9D000C0600028F1D038465CE7000028440258D7
:10B9E0002DE9F04104460E4600275548006800F056
:10B9F0000300032802D10120BDE8F0815048283817
:10BA0000006820F080504E4928390860FAF7C8F9DC
:10BA1000054606E0FAF7C4F9401B022801D90320C5
:10BA2000EAE7474828380068C0F340700028F1D1A1
:10BA300000BF4348006820F07C70218840EA015034
:10BA40003F490860A088401EC0F30800A168491E55
:10BA50004FF47E4202EA41210843A189491ED201E6
:10BA600002EA01410843217C491E120202EA0161F7
:10BA7000084333491831086000BF3148001D006891
:10BA800020F44060616908432D49091D086008469B
:10BA9000006820F40070A16908432949091D086065
:10BAA0000846006820F48070086025481C30006853
:10BAB0004FF6F8718843E16940EAC10020491C3122
:10BAC00008601F48001D006840F480701C49091D73
:10BAD00008602EB90846006840F48000086012E053
:10BAE000012E08D11648001D006840F400001449DA
:10BAF000091D086007E01248001D006840F08070D2
:10BB00000F49091D08600E482838006840F0805031
:10BB10000B4928390860FAF743F9054606E0FAF7B9
:10BB20003FF9401B022801D9032065E70448283863
:10BB30000068C0F340700028F1D038465CE7000090
:10BB40002844025810B50248FDF7C8FD10BD00009A
:10BB500024050024026851690268926942F00802D3
:10BB600003689A610268926942F0100203689A6160
:10BB70000268126822F0010203681A600268126902
:10BB800040F26F339A4303681A610268926822F4A4
:10BB9000404203689A6090F88120042A0ED001F098
:10BBA00020025AB1D0F8842042F08002C0F88420EC
:10BBB0000268926942F0200203689A6190F881203D
:10BBC000032A0ED001F040025AB1D0F8842042F08E
:10BBD0000402C0F884200268926942F040020368BF
:10BBE0009A6101F400725AB1D0F8842042F0010247
:10BBF000C0F884200268926942F4007203689A6176
:10BC000001F480725AB1D0F8842042F00802C0F8E2
:10BC100084200268926942F4807203689A6100226B
:10BC2000A0F86220A0F86A20704770B50546AC6B9A
:10BC300000206234208120800120E077623C204691
:10BC4000FDF74AFD70BD10B501460124C86B04EB39
:10BC50005013C868421CD01DC20802FB03F010BD7F
:10BC600030B501460A461378521C147843EA042082
:10BC700030BDFFF77BFC00BF012004F00DFEFBE7A9
:10BC800010B500BF502080F31188BFF34F8FBFF372
:10BC90006F8F00BF05F02EFC18B14FF080500449A3
:10BCA000086000BF002080F3118800BF10BD0000B5
:10BCB00004ED00E000B59DB04C210AA8F4F7CEFBDE
:10BCC000202102A8F4F7CAFB0220FBF763F800BFAB
:10BCD000002001902548006820F440402349086076
:10BCE0000846006800F44040019000BF00BF00BF5C
:10BCF0001E48006800F40050B0F5005FF8D1212024
:10BD00000A904FF480300B90012010900220139085
:10BD100002211491159128211691012117910221D8
:10BD2000189119910C211A9100211B911C910AA8BC
:10BD3000FDF724F908B1F5F7D0FE3F20029003206B
:10BD40000390002004900820059040200690079062
:10BD50000001089040200990032102A8FCF7E8FDAB
:10BD600008B1F5F7BAFE1DB000BD00001848025832
:10BD70002F48006840F470002D4908602D48006885
:10BD800000F00F00072806D22A48006820F00F00B4
:10BD9000C01D284908602848006840F00100264975
:10BDA00008600020244910310860234800682349B6
:10BDB0000840214908601F48006800F00F0007286C
:10BDC00006D91C48006820F00F00C01D1949086002
:10BDD0000020194918310860091D0860091D086014
:10BDE00017481549283108601648091D086016488B
:10BDF000091D08600020091D08601348091D08601E
:10BE00000020091D08601048091D08600020091D58
:10BE100008600948006820F4802007490860002075
:10BE200005496031086043F2D20008490860704754
:10BE300088ED00E000200052004402587FEDF6EA51
:10BE4000000202020000FF018002010100400052D6
:10BE500010B50248FEF739F810BD0000B8080024FC
:10BE600010B50268304B98420ED0B0F1804F0BD025
:10BE70002E4B984208D02E4B984205D02D4B98421D
:10BE800002D02D4B984203D122F070024B681A4326
:10BE9000254B98421DD0B0F1804F1AD0234B9842C9
:10BEA00017D0234B984214D0224B984211D0224BEA
:10BEB00098420ED0214B98420BD0214B984208D08B
:10BEC000204B984205D0204B984202D01F4B9842FD
:10BED00003D122F44072CB681A4322F080034C69EC
:10BEE00043EA040202608B68C3620B6883620E4BF4
:10BEF00098420BD0104B984208D0104B984205D076
:10BF00000F4B984202D00F4B984201D10B6903634B
:10BF100001234361036903F001031BB1036923F0AB
:10BF20000103036110BD0000000001400004004057
:10BF300000080040000C00400004014000400140A7
:10BF4000004401400048014000E0004000E400409F
:10BF500030B501F01F05012404FA05F3046A9C437F
:10BF60000462046A01F01F0502FA05F52C4304621D
:10BF700030BD000030B5026A056A25F00105056292
:10BF800043688469204D2C4024F003040D682C4341
:10BF900022F002028D682A431C4DA84200D10FE016
:10BFA0001B4DA84200D10BE01A4DA84200D107E07A
:10BFB000194DA84200D103E0184DA84206D100BF98
:10BFC00022F00802CD682A4322F004020F4DA84255
:10BFD0000BD00F4DA84208D00E4DA84205D00E4DF3
:10BFE000A84202D00D4DA84207D123F4807323F458
:10BFF00000734D692B438D692B43436084614D6809
:10C000004563026230BD00008FFFFEFF000001406B
:10C01000000401400040014000440140004801404C
:10C0200030B5026A056A25F0100505624368846927
:10C03000224D2C4024F440740D6844EA052422F07B
:10C0400020028D6842EA05121D4DA84200D10FE082
:10C050001C4DA84200D10BE01B4DA84200D100BFEF
:10C060001A4DA84200D100BF194DA84207D106E0E1
:10C0700022F08002CD6842EA051222F04002104D03
:10C08000A8420BD00F4DA84208D00F4DA84205D0B2
:10C090000E4DA84202D00E4DA84209D123F4806370
:10C0A00023F400634D6943EA85038D6943EA850300
:10C0B000436084614D688563026230BDFF8FFFFE7F
:10C0C00000000140000401400040014000440140E4
:10C0D0000048014030B5026A056A25F480750562A2
:10C0E0004368C469224D2C4024F003040D682C439E
:10C0F00022F400728D6842EA05221E4DA84200D14A
:10C100000FE01D4DA84200D10BE01C4DA84200D10C
:10C1100000BF1B4DA84200D100BF1A4DA84207D155
:10C1200006E022F40062CD6842EA052222F4806231
:10C13000104DA8420BD0104DA84208D00F4DA84278
:10C1400005D00F4DA84202D00E4DA84209D123F4CC
:10C15000805323F400534D6943EA05138D6943EA84
:10C1600005134360C4614D68C563026230BD0000C1
:10C170008FFFFEFF0000014000040140004001402D
:10C18000004401400048014030B5036A056A25F4C7
:10C19000805505624468C269124D2A4022F44072FB
:10C1A0000D6842EA052223F400538D6843EA053303
:10C1B0000D4DA8420BD00D4DA84208D00C4DA84201
:10C1C00005D00C4DA84202D00B4DA84204D124F456
:10C1D00080444D6944EA85144460C2614D68056439
:10C1E000036230BDFF8FFFFE0000014000040140EC
:10C1F00000400140004401400048014030B5026A5F
:10C20000056A25F4803505624368446D114D2C4064
:10C210000D682C4322F400320D8942EA05420E4D8E
:10C22000A8420BD00D4DA84208D00D4DA84205D014
:10C230000C4DA84202D00C4DA84204D123F4803307
:10C240004D6943EA0523436044654D688565026294
:10C2500030BD00008FFFFEFF0000014000040140E0
:10C2600000400140004401400048014030B5026AEE
:10C27000056A25F4801505624368446D114D2C4014
:10C280000D6844EA052422F400120D8942EA0552A1
:10C290000D4DA8420BD00D4DA84208D00C4DA84220
:10C2A00005D00C4DA84202D00B4DA84204D123F476
:10C2B00080234D6943EA8523436044654D68C56525
:10C2C000026230BDFF8FFFFE00000140000401400C
:10C2D00000400140004401400048014070B5456EF7
:10C2E0002DB90125A0F86A50A0F868501CE0102371
:10C2F00010240568AD68C5F342610568AD686A0F32
:10C300000A4DAD5C15FB04F5094EB65C95FBF6F5E0
:10C31000A0F86A50054D6D5C15FB03F5044E765C84
:10C3200095FBF6F5A0F8685070BD000034180108C0
:10C330003C18010890F8281001F00801082907D1DD
:10C340000168496821F40041826B11430268516021
:10C3500090F8281001F0010139B10168496821F411
:10C360000031C26A11430268516090F8281001F050
:10C370000201022907D10168496821F48031026B6A
:10C3800011430268516090F8281001F0040104295B
:10C3900007D10168496821F48021426B114302688A
:10C3A000516090F8281001F01001102907D10168A0
:10C3B000896821F48051C26B11430268916090F842
:10C3C000281001F02001202907D10168896821F493
:10C3D0000051026C11430268916090F8281001F03E
:10C3E0004001402913D10168496821F48011426C51
:10C3F000114302685160416CB1F5801F07D101689B
:10C40000496821F4C001826C11430268516090F8C0
:10C41000281001F08001802907D10168496821F4C2
:10C420000021C26C114302685160704738B5044660
:10C430000020C4F89000F9F7B3FC054620680068B6
:10C4400000F00800082821D16FF07E402B46002222
:10C450004FF400110090204600F0E8FCB0B100BF9E
:10C4600000BF216851E8001F21F08000226842E8E7
:10C4700000010029F5D100BF2020C4F8880000BFCA
:10C48000002084F8840000BF032038BD20680068C5
:10C4900000F00400042830D16FF07E402B460022CB
:10C4A0004FF480010090204600F0C0FC28B300BF8C
:10C4B00000BF216851E8001F21F49070226842E813
:10C4C00000010029F5D100BF00BF00BF216808317D
:10C4D00051E8001F21F001002168083141E8000205
:10C4E000002AF3D100BF2020C4F88C0000BF002038
:10C4F00084F8840000BF0320C7E72020C4F8880028
:10C50000C4F88C000020E066206700BF84F8840037
:10C5100000BF00BFB9E770B50546AC6B0020A4F8BA
:10C520005E00A4F856002046FEF7FEF870BD2DE927
:10C53000F0410546AC6BD4F88860D4F88C70206864
:10C54000806800F08000802807D1212E05D10020CE
:10C55000A4F85600204600F0D1F82068806800F06A
:10C560004000402807D1222F05D10020A4F85E000A
:10C57000204600F075F8D4F8900040F01000C4F8A0
:10C5800090002046FEF7D0F8BDE8F08170B5054672
:10C59000AC6BE869B0F5807F40D00020A4F85E0065
:10C5A00000BF00BF216851E8001F21F4807022689D
:10C5B00042E800010029F5D100BF00BF00BF21689B
:10C5C000083151E8001F21F001002168083141E8DD
:10C5D0000002002AF3D100BF00BF00BF216808316C
:10C5E00051E8001F21F040002168083141E80002B5
:10C5F000002AF3D100BF2020C4F88C00E06E01288F
:10C600000CD100BF00BF216851E8001F21F01000CD
:10C61000226842E800010029F5D100BF0020206710
:10C62000E06E012805D1B4F85C102046FEF71AF838
:10C6300002E02046FEF798FB70BD70B50546AC6B76
:10C6400001202067E06E012806D1B4F85C004108A3
:10C650002046FEF707F802E02046FEF786FB70BD95
:10C6600000BF00BF026852E8002F22F490710368F7
:10C6700043E80012002AF5D100BF00BF00BF0268E6
:10C68000083252E8002F104B02EA03010268083218
:10C6900042E80013002BF2D100BFC16E01290CD17A
:10C6A00000BF00BF026852E8002F22F010010368AB
:10C6B00043E80012002AF5D100BF2021C0F88C10F9
:10C6C0000021C16641677047FEFFFFEF10B50446C9
:10C6D00000BF00BF216851E8001F21F04000226820
:10C6E00042E800010029F5D100BF2020C4F88800ED
:10C6F0000020A0672046FEF739FB10BD00BF00BF39
:10C70000026852E8002F22F0C001036843E80012DB
:10C71000002AF5D100BF00BF00BF0268083252E80E
:10C72000002F22F400010268083242E80013002BB7
:10C73000F3D100BF2021C0F8881070472DE9F04FD9
:10C7400089B0054600200890F8492868884200D141
:10C7500000E000BF2969A868084369690843E969DE
:10C7600040EA010828680068F149084040EA0800EA
:10C77000296808602868406820F44050E968084348
:10C7800029684860D5F81880E8492868884202D0AE
:10C79000286A40EA080828688068E649084040EAB4
:10C7A0000800296888602868C06A20F00F00696A5C
:10C7B00008432968C86200BFDF492868884220D141
:10C7C000DE48006800F03800182811D005DC48B1B8
:10C7D000082809D0102811D108E020280AD02828DC
:10C7E0000CD109E001240BE0042409E0082407E04F
:10C7F000102405E0202403E0402401E0802400BF51
:10C8000042E1CF492868884219D1CC48006800F03D
:10C810000700062810D2DFE800F0030507090B0D1A
:10C8200000240BE0042409E0082407E0102405E0BC
:10C83000202403E0402401E0802400BF24E1C1491A
:10C840002868884219D1BD48006800F00700062812
:10C8500010D2DFE800F0030507090B0D00240BE000
:10C86000042409E0082407E0102405E0202403E064
:10C87000402401E0802400BF06E1B34928688842D3
:10C8800019D1AE48006800F00700062810D2DFE892
:10C8900000F0030507090B0D00240BE0042409E058
:10C8A000082407E0102405E0202403E0402401E0F0
:10C8B000802400BFE8E0A5492868884219D19F4834
:10C8C000006800F00700062810D2DFE800F003053A
:10C8D00007090B0D00240BE0042409E0082407E0FD
:10C8E000102405E0202403E0402401E0802400BF60
:10C8F000CAE097492868884220D19048006800F033
:10C900003800182811D005DC48B1082809D01028B3
:10C9100011D108E020280AD028280CD109E00124F0
:10C920000BE0042409E0082407E0102405E020249B
:10C9300003E0402401E0802400BFA5E08549286889
:10C94000884219D17D48006800F00700062810D2FF
:10C95000DFE800F0030507090B0D00240BE00424B9
:10C9600009E0082407E0102405E0202403E0402427
:10C9700001E0802400BF87E077492868884219D108
:10C980006E48006800F00700062810D2DFE800F0CB
:10C99000030507090B0D00240BE0042409E008241B
:10C9A00007E0102405E0202403E0402401E0802477
:10C9B00000BF69E069492868884220D15F48006863
:10C9C00000F03800182811D005DC48B1082809D03B
:10C9D000102811D108E020280AD028280CD109E01D
:10C9E00001240BE0042409E0082407E0102405E0FA
:10C9F000202403E0402401E0802400BF44E05849A3
:10CA00002868884220D14D48006800F03800182876
:10CA100011D005DC48B1082809D0102811D108E050
:10CA200020280AD028280CD109E001240BE0042496
:10CA300009E0082407E0102405E0202403E0402456
:10CA400001E0802400BF1FE03849286888421AD1DD
:10CA50003A48001D006800F00700062810D2DFE801
:10CA600000F0030507090B0D02240BE0042409E084
:10CA7000082407E0102405E0202403E0402401E01E
:10CA8000802400BF00E0802400BF28492868884235
:10CA90004BD1102C1AD006DC022C09D0042C0BD060
:10CAA000082C29D10DE0202C21D0402C24D120E0CD
:10CAB000FAF7AAF9064623E005A8FAF7CFFA069E88
:10CAC0001EE002A8FAF7E2FB039E19E01B48543867
:10CAD0000068C0F3401040B1184854380068C0F3F3
:10CAE000C101204820FA01F600E01E4E08E01E4E6B
:10CAF00006E04FF4004603E000260120089000BF46
:10CB000000BF002E10D01949686A31F81000B6FB3A
:10CB1000F0F9686800EB4000484503D868680003F6
:10CB2000484525D20120089007E153E0000C005849
:10CB3000F369FFCFFFF4FF11001001405444025885
:10CB40000044004000480040004C004000500040BD
:10CB50000014014000780040007C004000180140B3
:10CB6000001C01400090D00300093D001C18010882
:10CB70007849686A31F810C0624600233046194689
:10CB8000F3F722FC4FF4807C00220346A3FB0C0B3E
:10CB900001FB0CB103FB02136968490884461CEBD6
:10CBA000010143EB0200CDE90010D5F804C0624654
:10CBB000002308460199F3F707FC0746B7F5407FC5
:10CBC00005D3B7F5801F02D22868C760B5E0012001
:10CBD0000890B2E0E869B0F5004F5BD1082C1AD09C
:10CBE00005DC5CB1012C0DD0042C2DD10EE0102CF5
:10CBF00016D0202C23D0402C26D122E0FCF784F83C
:10CC0000064625E0FCF792F8064621E005A8FAF76B
:10CC100025FA069E1CE002A8FAF738FB039E17E0EF
:10CC20004D480068C0F3401038B14B480068C0F36D
:10CC3000C1014A4820FA01F600E0484E08E0484E9B
:10CC400006E04FF4004603E000260120089000BFF4
:10CC500000BF7EB33F49686A31F81000B6FBF0F0C0
:10CC60004000696800EB5100B0FBF1F7102F0ED3C4
:10CC7000B7F5803F0BD24FF6F07007EA000AC7F312
:10CC800042004AEA000A2868C0F80CA055E00120DA
:10CC9000089052E0082C1BD005DC64B1012C0ED0AA
:10CCA000042C2ED10FE0102C17D0202C24D0402C97
:10CCB00027D123E041E0FCF727F8064625E0FCF702
:10CCC00035F8064621E005A8FAF7C8F9069E1CE0EB
:10CCD00002A8FAF7DBFA039E17E01F480068C0F3CA
:10CCE000401038B11C480068C0F3C1011B4820FA4D
:10CCF00001F600E0194E08E0194E06E04FF4004638
:10CD000003E000260120089000BF00BFAEB111492A
:10CD1000686A31F81000B6FBF0F0696800EB51006A
:10CD2000B0FBF1F7102F06D3B7F5803F03D2B8B2AE
:10CD30002968C86001E0012008900120A5F86A0078
:10CD4000A5F8680000206867A867089809B0BDE8E2
:10CD5000F08F00001C180108004402580090D00316
:10CD600000093D0070B504460E46154644F8586F5C
:10CD7000A5800020A06322206063A06A583CF8B11F
:10CD80002748241DE16FC8632648E16F08642648E0
:10CD9000E16FC8640020E16F086554F8043C03F1BA
:10CDA0002401626DE06F241F2B46F7F7CFFC38B1EA
:10CDB0001020C4F890002020C4F88C00012070BD21
:10CDC000206960B100BF00BF216851E8001F41F435
:10CDD0008070226842E800010029F5D100BF00BF41
:10CDE00000BF2168083151E8001F41F001002168AF
:10CDF000083141E80002002AF3D100BF00BF00BFA4
:10CE00002168083151E8001F41F0400021680831D5
:10CE100041E80002002AF3D100BF0020CFE7000064
:10CE20008DC500083BC600082FC500082DE9F0415C
:10CE300004460D4617469846069E41E0701C0028A1
:10CE40003ED0F8F7ADFFA0EB0800B04200D816B90D
:10CE50000320BDE8F0812068006800F0040070B392
:10CE6000802D2DD0402D2BD02068C069C0F3C0008C
:10CE700078B10820216808622046FFF7F1FB0820FE
:10CE8000C4F8900000BF002084F8840000BF012097
:10CE9000DFE72068C069C0F3C02080B14FF40060B4
:10CEA000216808622046FFF7DBFB2020C4F89000D1
:10CEB00000BF002084F8840000BF0320C9E7FFE71B
:10CEC0002068C0692840A84201D1012000E000206C
:10CED000B842B3D00020BCE710B50448FDF726FCEB
:10CEE000162203490148FDF78CFB10BD34070024CE
:10CEF000EC8B00242DE9F04104460D46D4F8C872AD
:10CF000004F53070D4F8D41250F8210010B9032081
:10CF1000BDE8F08104F53070D4F8D41250F82160E7
:10CF200005F00F0000EB800104F1140000EB81001C
:10CF3000406838B305F00F0000EB800104F11400E5
:10CF400000EB8100416805F00F0000EBC00207F123
:10CF5000140000EB82008068B1FBF0F200FB1210BD
:10CF600080B9002105F00F0000EB800204F11400ED
:10CF700000EB8200416000231A462946204601F05A
:10CF800056F917E00020C6F8140204F53170D4F801
:10CF9000D41250F82100006960B1D6F8080204F5F7
:10CFA0003171D4F8D42251F822102A460B6906F5C3
:10CFB000047198470020ABE770B504460E4604F5AF
:10CFC0003070D4F8D41250F82150D4F8D41250F85C
:10CFD000210008B9032070BD3146204600F07AFFD9
:10CFE000C5F80C02D5F8040204F53171D4F8D43236
:10CFF00051F82310CA6805F5037190470020EAE74D
:10D0000070B504460D4630480178204600F034FEE5
:10D0100000212D48007800F00F0000EB800204F1A1
:10D02000140000EB8200018228480178204600F0BD
:10D0300023FE00212548007800F00F0000EB80025D
:10D0400004F5AA7000EB8200018221480178204695
:10D0500000F012FE00211E48007800F00F0000EBE7
:10D06000800204F1140000EB82000182184800786D
:10D0700000F00F0000EB800204F1140000EB8200CE
:10D08000418204F53070D4F8D41250F82100C8B1B0
:10D0900004F53171D4F8D42251F822104868804741
:10D0A00004F53071D4F8D42251F8220001F0E8FBE5
:10D0B000002104F53070D4F8D42240F8221000206A
:10D0C000C4F8BC02002070BD57020024580200249E
:10D0D0005902002470B5044604F53070D4F8D41217
:10D0E00050F821500DB9032070BD04F53170D4F80B
:10D0F000D41250F8210098B195F80002FF280FD003
:10D1000095F8012295F8000204F53171D4F8D46243
:10D1100051F826108B6829469847FF2085F80002B1
:10D120000020E1E701460A2008800148704700001E
:10D13000D00100242DE9F041044682210D4800F081
:10D140002FFC054601210B4800F02AFC06468121F0
:10D15000084800F025FC07460DB11020A8710EB15B
:10D160004020B0800FB14020B8804320208001488B
:10D17000BDE8F081140200242DE9F041044682212B
:10D180000E4800F00DFC054601210C4800F008FC9B
:10D1900006468121094800F003FC07460DB1102026
:10D1A000A87116B14FF40070B08017B14FF4007041
:10D1B000B880432020800148BDE8F081140200249B
:10D1C0002DE9F041044682210D4800F0E9FB0546B7
:10D1D00001210B4800F0E4FB06468121084800F0DD
:10D1E000DFFB07460DB11020A8710EB14020B080C2
:10D1F0000FB14020B880432020800148BDE8F08175
:10D200001402002470B504460E464FF4077001F076
:10D2100039FB054645B9002104F53070D4F8D42215
:10D2200040F82210022070BD4FF407712846F3F732
:10D2300015F904F53070D4F8D41240F82150D4F820
:10D24000D41250F82100C4F8BC02207C98BB4FF4E3
:10D250000073022250480178204600F0E1FE0121CF
:10D260004D48007800F00F0000EB800204F114003C
:10D2700000EB820001824B020222484801782046DE
:10D2800000F0CEFE01214548007800F00F0000EBD1
:10D29000800204F5AA7000EB820001821021404850
:10D2A000007800F00F0000EB800204F1140000EBA6
:10D2B0008200418232E0FFE74023022236480178B3
:10D2C000204600F0ADFE01213348007800F00F0049
:10D2D00000EB800204F1140000EB82000182402385
:10D2E00002222E480178204600F09AFE01212B48A8
:10D2F000007800F00F0000EB800204F5AA7000EB4C
:10D300008200018210212648007800F00F0000EB17
:10D31000800204F1140000EB820041820823032202
:10D320001F480178204600F07BFE01211C48007850
:10D3300000F00F0000EB800204F1140000EB82000B
:10D3400001820020C5F8040204F53171D4F8D4221A
:10D3500051F82210086880470020C5F81402C5F86B
:10D360001802D5F8040208B902205CE7207C48B90D
:10D370004FF40073094801782046D5F8042200F0E4
:10D3800067FE07E04023054801782046D5F80422CF
:10D3900000F05EFE002046E75702002458020024F9
:10D3A0005902002470B5044604F53070D4F8D41244
:10D3B00050F82150D4F8D41250F8210008B90320B5
:10D3C00070BD207C48B94FF40073094801782046AD
:10D3D000D5F8042200F03CFE07E040230448017821
:10D3E0002046D5F8042200F033FE0020E8E70000D4
:10D3F00058020024024609B90320704702F5317033
:10D40000D2F8D43240F823100020F6E710B50246D7
:10D4100002F53070D2F8D44250F824300BB9032012
:10D4200010BDC3F804120020FAE730B503460C46DD
:10D4300003F53070D3F8D45250F8251009B9032001
:10D4400030BDC1F80842C1F810220020F8E72DE9EC
:10D45000FC4105460C4605F53070D5F8D41250F85D
:10D460002160002001900090804616B90320BDE89D
:10D47000FC81207800F0600000283DD020287CD17D
:10D48000E08868B3207800F08000B8B1E288607866
:10D4900005F53171D5F8D4C251F82C108B6831469E
:10D4A0009847E088072801D9072000E0E088074670
:10D4B0003A463146284600F011F91CE0607886F8BB
:10D4C0000002E088402801D2E08800E0402086F891
:10D4D000010296F801223146284600F0DEF80AE003
:10D4E000607805F53171D5F8D42251F82210002268
:10D4F0008B682146984747E0607830B1012832D0E8
:10D500000A2813D00B282FD121E095F89C0203287C
:10D5100005D102226946284600F0E0F805E02146E0
:10D52000284600F0AEF84FF0030824E095F89C027E
:10D53000032805D1012201A9284600F0CFF805E013
:10D540002146284600F09DF84FF0030813E095F8B7
:10D550009C02032805D02146284600F092F84FF09F
:10D56000030808E009E006E02146284600F089F8B3
:10D570004FF0030800BF00BF06E02146284600F038
:10D5800080F84FF0030800BF00BF40466FE700007F
:10D5900070B5054605F53070D5F8D41250F8214025
:10D5A00001260CB9032070BDD4F81402C8B90120BB
:10D5B000C4F814020C48007800F00F0000EB800261
:10D5C00005F1140000EB8200D4F810124160064807
:10D5D00001782846D4F81032D4F8082200F027FE4B
:10D5E00000263046DFE700005702002470B50446ED
:10D5F0000D460026D4F8B8022946426820469047D6
:10D6000000B10326304670BD70B504460D4694F84F
:10D610009C02012804D0022803D003280CD101E089
:10D6200000BF00BF6888012805D10020C4F8A4020B
:10D63000204600F064F804E02946204600F021F876
:10D6400000BF00BF70BD02460020704702460020A8
:10D65000704770B506460C4615462B4622460021FB
:10D66000304600F0F5FC002070BD70B506460C4653
:10D6700015462B4622460021304600F0D8FD0020FA
:10D6800070BD70B504460D468021204600F09FFD18
:10D690000021204600F09BFD70BD70B504460E468B
:10D6A00015460320C4F894024FF4AC700551001DD8
:10D6B00005512B4632460021204600F0C9FC0020CF
:10D6C00070BD10B504460520C4F8940200231A4624
:10D6D0001946204600F0BCFC002010BD70B5044681
:10D6E0000E4615460220C4F89402A561E5612B465A
:10D6F00032460021204600F09AFD002070BD10B592
:10D7000004460420C4F8940200231A461946204611
:10D7100000F08DFD002010BD70B504460D46E88870
:10D72000012804D029462046FFF7ABFF1EE094F8FD
:10D730009C02012804D0022803D0032810D109E05C
:10D7400000BF0020A060012204F108012046FFF77D
:10D75000C5FF0AE00122211D2046FFF7BFFF04E0BC
:10D7600029462046FFF78DFF00BF00BF70BDF8B50A
:10D7700004460E4600200090002700257088001205
:10D78000062874D006DC01281BD0022821D00328EB
:10D790006ED132E007286CD00F28F9D1D4F8B4024A
:10D7A000C06938B1207CD4F8B412CA696946904780
:10D7B000074605E031462046FFF763FF681CC5B207
:10D7C000CBE0207CD4F8B4120A686946904707463B
:10D7D000C3E0207C40B9D4F8B802816A6846884723
:10D7E00007460220787007E0D4F8B802C16A68469C
:10D7F0008847074602207870AFE0B07806287AD2D2
:10D80000DFE800F00316293F5265D4F8B4024068FF
:10D8100038B1207CD4F8B4124A686946904707466C
:10D8200005E031462046FFF72CFF681CC5B269E0D1
:10D83000D4F8B402806838B1207CD4F8B4128A6875
:10D8400069469047074605E031462046FFF719FF35
:10D85000681CC5B256E0D4F8B402C06850B1207C50
:10D86000D4F8B412CA6869469047074608E04BE00E
:10D870006CE059E031462046FFF703FF681CC5B253
:10D8800040E0D4F8B402006938B1207CD4F8B41276
:10D890000A6969469047074605E031462046FFF78A
:10D8A000F0FE681CC5B22DE0D4F8B402406938B16E
:10D8B000207CD4F8B4124A6969469047074605E0CF
:10D8C00031462046FFF7DDFE681CC5B21AE0D4F8E9
:10D8D000B402806940B1207CD4F8B4128A696946E8
:10D8E0009047074606E006E031462046FFF7C9FEAE
:10D8F000681CC5B206E031462046FFF7C2FE681C30
:10D90000C5B200BF00BF28E0207C30B9D4F8B8020F
:10D91000416B68468847074605E031462046FFF7D9
:10D92000B0FE681CC5B218E0207C40B9D4F8B8023B
:10D93000016B6846884707460720787005E0314646
:10D940002046FFF79EFE681CC5B206E03146204621
:10D95000FFF797FE681CC5B200BF00BF05B1F8BD58
:10D96000F088C0B1BDF8000080B1F088BDF80010AB
:10D97000884202DDBDF8000000E0F0880090BDF8AC
:10D98000002039462046FFF7A9FE07E03146204631
:10D99000FFF777FE02E02046FFF7B1FE00BFDEE7AB
:10D9A0002DE9F84105460F462C462E464FF000085B
:10D9B00070883178884218DD307800900FE0694631
:10D9C000204600F020F804466078052807D1A046DC
:10D9D00098F80200B84200D106E04FF000087088C5
:10D9E000BDF800108842EADC00BF4046BDE8F8817F
:10D9F000014600200A4602E0431CD8B2521C1378AC
:10DA0000002BF9D1704710B5024610460B880478F8
:10DA100023440B800378981810BD70B504460D465A
:10DA200094F89C02012804D0022803D003281AD1BC
:10DA300001E000BF00BFE888022804D02946204644
:10DA4000FFF71FFE14E00120E060D4F8A40218B133
:10DA5000E06840F00200E060022204F10C01204680
:10DA6000FFF73CFE04E029462046FFF70AFE00BF10
:10DA700000BF70BD2DE9F04107460D4690460024D9
:10DA80000FB9BDE8F0813E463046FFF7B1FF0221F5
:10DA900001EB4000B0F5007F01D9080204E03046F8
:10DAA000FFF7A6FF4000801CA8F8000098F80000CF
:10DAB0002855601CC4B203202855601CC4B208E07D
:10DAC00030782855761C601CC4B200202855601C94
:10DAD000C4B230780028F3D100BFD2E7014600205D
:10DAE00031B1012906D0022906D0032908D105E069
:10DAF000002007E0032005E0012003E0032001E00F
:10DB0000032000BF00BF704770B505460C462DB915
:10DB10002246064906A0FFF7ADFF04E0224603496E
:10DB200003A0FFF7A7FF014870BD0000D48E0024BA
:10DB300043444320436F6E6669670000024612202B
:10DB400008800148704700007801002470B5054640
:10DB50000C462DB92246064906A0FFF78BFF04E0CC
:10DB60002246034903A0FFF785FF014870BD00006E
:10DB7000D48E002443444320496E74657266616309
:10DB8000650000000246042008800148704700003C
:10DB90009801002470B505460C462246024903A0B0
:10DBA000FFF768FF004870BDD48E002453544D69C0
:10DBB00063726F656C656374726F6E696373000086
:10DBC00070B505460C462DB92246064906A0FFF75A
:10DBD00051FF04E02246034903A0FFF74BFF014831
:10DBE00070BD0000D48E002453544D33322056694A
:10DBF000727475616C20436F6D506F727400000019
:10DC000070B505460C461A202080F4F77BF90148D0
:10DC100070BD00009C0100242DE9F04104460D4632
:10DC2000164614B90320BDE8F0810020C4F8B802FC
:10DC3000C4F8C402C4F8D0020DB1C4F8B452012033
:10DC400084F89C022670204600F04EF907463846BC
:10DC5000E9E72DE9F04104460D4600260027294654
:10DC6000D4F8C802F8F771FA06463046FFF736FFD7
:10DC700007463846BDE8F0812DE9F04104460D46DF
:10DC8000002600272946D4F8C802F8F729FA0646E4
:10DC90003046FFF723FF07463846BDE8F0812DE9FF
:10DCA000F04704460F469146002F56D104F1140563
:10DCB000D4F89402022846D1D5E9020188420FD94E
:10DCC000D5E90201401AA86049462046AA68FFF734
:10DCD000CCFC00231A461946204600F0B9F932E080
:10DCE000D5E90210884217D1E9686868884213D3E1
:10DCF0006868D4F8981288420ED200221146204655
:10DD0000FFF7B3FC0020C4F8980200231A46194616
:10DD1000204600F09DF916E094F89C0203280BD1F0
:10DD2000D4F8B802C06838B10020C4F8D402D4F8DE
:10DD3000B802C168204688478021204600F047FA93
:10DD40002046FFF7BEFC94F8A00250B3204600F036
:10DD5000C5FA002084F8A00223E047F080012046A5
:10DD6000FFF771FC0646FF2E1BD0D6B994F89C0233
:10DD7000032816D104F52E7050F82600406980B1B2
:10DD8000C4F8D46204F52E7050F826003946426972
:10DD9000204690478046B8F1000F02D04046BDE8CB
:10DDA000F0870020FBE72DE9F04705460F46904637
:10DDB0004FF00009002F51D105F5AA76D5F894024D
:10DDC00003286FD1D6E90201884210D9D6E90201B1
:10DDD000401AB060D6E90201884201D2B06800E082
:10DDE000F068024641462846FFF733FC5AE095F8B2
:10DDF000AA0200F01F0020B1012804D0022812D18D
:10DE000009E0002411E040F2AE20415D2846FFF712
:10DE10001DFC044609E040F2AE20415D2846FFF7B4
:10DE200012FC044601E0002400BF00BF94B995F83D
:10DE30009C0203280ED105F52E7050F824000069CD
:10DE400040B1C5F8D44205F52E7050F824000169A0
:10DE5000284688472846FFF752FC23E007F07F0159
:10DE60002846FFF7F0FB0446FF2C1BD0D4B995F8E9
:10DE70009C02032810D105F52E7050F8240080690B
:10DE800050B1C5F8D44205F52E7050F8240039463B
:10DE90008269284690478146B9F1000F02D0484672
:10DEA000BDE8F0870020FBE701460020704770B511
:10DEB00004460025012084F89C02D4F8B80238B149
:10DEC0002179D4F8B80242682046904700B1032572
:10DED000284670BD70B504460D462946D4F8C802E0
:10DEE000F8F771F970BD000010B5044620780128DC
:10DEF0002CD11748C0F8E044C4F8C80215481449AA
:10DF000008600920087102211148C1710021817146
:10DF10000221417200218172C17201738173C17348
:10DF20000174F8F7C6FD08B1F3F7D7FD4FF400719F
:10DF30000748F8F75AF8802200210548F8F75AF800
:10DF40004FF4BA7201210248F8F754F8002010BDCE
:10DF500070A100240000044010B50246D2F8C83277
:10DF600001F08000802809D101F07F0000EBC0049F
:10DF700003F1140000EB8400807810BD01F07F00F5
:10DF800000EBC00403F5157000EB84008078F4E723
:10DF900070B504460D4604F52E70D4F8D41250F82E
:10DFA000210008B9032070BD94F89C02032811D108
:10DFB00004F52E70D4F8D41250F82100006A48B14C
:10DFC00004F52E70D4F8D41250F821002946026AC4
:10DFD000204690470020E6E770B504460D4604F55C
:10DFE0002E70D4F8D41250F8210008B9032070BD67
:10DFF00094F89C02032811D104F52E70D4F8D412A1
:10E0000050F82100406A48B104F52E70D4F8D412BB
:10E0100050F821002946426A204690470020E6E752
:10E020002DE9F04704460F4615461E464FF00008FE
:10E03000C1462B4632463946D4F8C802F8F7CEF826
:10E0400080464046FFF74AFD81464846BDE8F087D6
:10E050002DE9F04704460D4616461F464FF00008CE
:10E06000C1463B4632462946D4F8C802F8F7FCF8C8
:10E0700080464046FFF732FD81464846BDE8F087BE
:10E0800070B504460025012084F89C020020C4F8E5
:10E0900094026060C4F8A40284F8A002D4F8B80224
:10E0A00058B1D4F8B802406838B12179D4F8B80230
:10E0B00042682046904700B10325402300221146C4
:10E0C0002046FFF7ADFF01214FF4B270015340210C
:10E0D000001F01514023002280212046FFF7A0FFAE
:10E0E0000121A18440212162284670BD014691F89A
:10E0F0009C02042803D191F89D0281F89C02002023
:10E10000704710B5044694F89C0203280BD1D4F84C
:10E11000B80240B1D4F8B802C06920B1D4F8B8024E
:10E12000C16920468847002010BD024611740020B6
:10E1300070472DE9F04104460D4600260027294688
:10E14000D4F8C802F8F7C2FD06463046FFF7C6FC11
:10E1500007463846BDE8F08170B504460D462946AD
:10E1600004F2AA2000F07BF80120C4F894024FF4D6
:10E170002C70005BC4F8980294F8AA0200F01F000B
:10E1800020B1012809D0022815D10DE004F2AA21FE
:10E19000204600F087F9064616E004F2AA21204640
:10E1A00000F017FB06460FE004F2AA21204600F01B
:10E1B000D0F9064608E094F8AA0200F08001204653
:10E1C00000F005F8064600BF00BF304670BD2DE9DF
:10E1D000F04104460D46002600272946D4F8C8021F
:10E1E000F8F765F806463046FFF778FC07463846EC
:10E1F000BDE8F08170B5044600250026D4F8C802B9
:10E20000F8F787FD05462846FFF768FC06463046C6
:10E2100070BD014691F89C02042803D091F89C023D
:10E2200081F89D02042081F89C02002070472DE9AE
:10E23000F04704460D4616461F464FF00008C146FB
:10E240003B4632462946D4F8C802F8F775F88046AE
:10E250004046FFF743FC81464846BDE8F08770B56D
:10E2600005460E46344620782870641C2078687075
:10E27000641C2046FDF7F4FC6880641C641C204686
:10E28000FDF7EEFCA880641C641C2046FDF7E8FC4A
:10E29000E88070BD38B504460D46002000900DB9E9
:10E2A000032038BDC4F8B85204F52E70D4F8D41247
:10E2B00050F82100C06A50B104F52E70D4F8D42271
:10E2C00050F82200C16A68468847C4F8D002D4F8E2
:10E2D000D802401CC4F8D8020020E2E70146002022
:10E2E000704770B504460D46A88810BBE88800BB8F
:10E2F000688880281DD2A87800F07F0694F89C02D8
:10E30000032804D129462046FFF7BBF915E084F81D
:10E310009E6231462046FFF70CFF2046FFF7EFF9DB
:10E320001EB1022084F89C0207E0012084F89C02C0
:10E3300003E029462046FFF7A4F970BD70B50446F6
:10E340000D460026D4F8B80230B1D4F8B8022946F8
:10E350000268204690470646304670BD70B50446B8
:10E360000E460025B0783D4908700846007801281F
:10E3700005D931462046FFF784F9032070BD94F893
:10E380009C02022802D0032859D11FE033480078AC
:10E39000C0B1324800786060304801782046FFF70D
:10E3A000CDFF05463DB131462046FFF76AF9022010
:10E3B00084F89C0209E02046FFF7A1F9032084F8C5
:10E3C0009C0202E02046FFF79AF943E023480078D8
:10E3D00070B9022084F89C022048007860601F48D1
:10E3E00001782046FFF702F92046FFF788F925E07B
:10E3F0001A490978606888421DD021792046FFF7C4
:10E40000F5F8164800786060144801782046FFF758
:10E4100095FF05465DB131462046FFF732F9217977
:10E420002046FFF7E3F8022084F89C0206E020462D
:10E43000FFF765F902E02046FFF761F90AE031468F
:10E440002046FFF71EF9054801782046FFF7CEF871
:10E45000032500BF00BF284690E70000CC01002440
:10E4600070B505460C466088012805D1C5F8A402A0
:10E470002846FFF744F90EE06088022807D1A088FB
:10E48000001285F8A0022846FFF739F903E021467B
:10E490002846FFF7F6F870BD10B504462046FFF792
:10E4A000A9FE10BD70B504460D460026287800F080
:10E4B000600088B1202802D0402842D100E000BF8F
:10E4C00004F52E70D4F8D41250F821002946826841
:10E4D00020469047064639E068780A282AD2DFE8C5
:10E4E00000F01A24291F290A0529150F294620465C
:10E4F000FFF73DF923E029462046FFF7F2FE1EE034
:10E5000029462046FFF72AFF064618E029462046FE
:10E51000FFF702F913E029462046FFF77EFA0EE0E6
:10E5200029462046FFF79CFF09E029462046FFF7D1
:10E530006BF804E029462046FFF7A3F800BF00BFB0
:10E5400004E029462046FFF79CF800BF00BF304694
:10E5500070BD2DE9F04705460F464FF000093C79A4
:10E56000387800F06000F8B1202802D040287DD132
:10E5700000E000BF21462846FFF765F80646FF2E5B
:10E5800011D086B9C5F8D46205F52E7050F8260072
:10E59000806840B105F52E7050F826003946826833
:10E5A00028469047814610E1787800287AD00128E3
:10E5B0002FD003286ED195F89C02022802D00328A0
:10E5C00020D110E054B1802C08D021462846FFF716
:10E5D000FEFD80212846FFF7FAFD03E03946284674
:10E5E000FFF74FF813E0788840B93CB1802C05D094
:10E5F000F88818B921462846FFF7E9FD2846FFF7B5
:10E600007EF804E039462846FFF73BF800BF00BF1C
:10E61000D4E095F89C02022802D003283BD110E0F8
:10E6200054B1802C08D021462846FFF7D0FD802128
:10E630002846FFF7CCFD03E039462846FFF721F8CE
:10E640002EE0788820BB04F07F0018B121462846D0
:10E65000FFF7FFFA2846FFF752F821462846FEF753
:10E66000F2FF0646FF2E13D096B900E0A8E0C5F8E9
:10E67000D46205F52E7050F82600806840B105F58B
:10E680002E7050F826003946826828469047814609
:10E6900006E007E08DE039462846FEF7F2FF00BFAE
:10E6A00000BF8BE095F89C02022802D0032879D1A4
:10E6B00026E034B1802C04D039462846FEF7E1FF2D
:10E6C00075E004F08000802808D104F07F0000EBA2
:10E6D000800105F1140000EB810007E004F07F00E9
:10E6E00000EB800105F5AA7000EB81008046002058
:10E6F000C8F80000022241462846FEF7EFFF56E028
:10E7000004F0800080280ED104F00F0000EB80019F
:10E7100005F1140000EB8100008A98B939462846BB
:10E72000FEF7AFFF43E004F00F0000EB800105F5BA
:10E73000AA7000EB8100008A20B939462846FEF70E
:10E74000A0FF34E004F08000802808D104F07F00AE
:10E7500000EB800105F1140000EB810007E004F0FC
:10E760007F0000EB800105F5AA7000EB8100804678
:10E770000CB1802C03D10020C8F800000CE0214629
:10E780002846FFF7E9FB20B10120C8F8000003E0AC
:10E7900008E00020C8F80000022241462846FEF7A3
:10E7A0009DFF04E039462846FEF76BFF00BF00BF1F
:10E7B00004E039462846FEF764FF00BF00BF04E0CE
:10E7C00039462846FEF75DFF00BF00BF4846BDE85A
:10E7D000F0872DE9F04105460E460027307800F01D
:10E7E000600030B1202802D0402840D100E000BFB6
:10E7F00000BF95F89C02012804D0022803D003280A
:10E800002ED101E000BF00BF3079012823D8317933
:10E810002846FEF71BFF0446FF2C14D09CB905F5D3
:10E820002E7050F82400806858B1C5F8D44205F520
:10E830002E7050F8240031468268284690470746DB
:10E8400002E0032700E00327F08840B93FB92846DB
:10E85000FEF755FF03E031462846FEF712FF04E0BD
:10E8600031462846FEF70DFF00BF00BF04E03146E9
:10E870002846FEF706FF00BF00BF3846BDE8F0811E
:10E8800070470000014601487047000054A600246C
:10E8900070B504460B4622461978587801282CD1C9
:10E8A00040F61C0080581D7805F00F060125B54084
:10E8B000ADB2284340F61C05A85002F5106000EBED
:10E8C0004110006800F40040F0BB1889C0F30A0052
:10E8D0001D7940EA854040EA815040F0805040F484
:10E8E000004002F5106505EB41152D68284302F53F
:10E8F000106505EB411528602DE040F61C0080589E
:10E900001D7805F00F060125B540144E06EA0545B1
:10E91000284340F61C05A85002F5306000EB41107A
:10E92000006800F4004078B91889C0F30A001D7926
:10E9300040EA854040F0805040F4004002F53065E8
:10E9400005EB41152D6800E005E0284302F5306530
:10E9500005EB41152860002070BD00000000FFFF9E
:10E9600001460A464FF410608058C30ADB024FF498
:10E970001060835040F60400805840F4807340F6E5
:10E9800004008350002070470FB470B504469DF812
:10E990001900012818D1A06B20F48030A063E06832
:10E9A0001F490840E060E06820F44010E0609DF8F6
:10E9B0002000012803D1E06840F48010E060204688
:10E9C00000F032F8054613E0E06840F04000E060F7
:10E9D000204600F029F805469DF81D0020B9A06BDF
:10E9E00040F48030A06303E0A06B20F48030A0638B
:10E9F0009DF8160001280ED1E06D80B2E065E06D53
:10EA000008490843E065A06840F00600A060A068DF
:10EA100040F02000A060284670BC5DF814FB0000A8
:10EA2000BFFFBDFF0000EE0308B5014600200090C7
:10EA300000BF0098401C00900098B0F1706F01D9A1
:10EA4000032008BD086900F000400028F1D0002034
:10EA50000090086940F00100086100BF0098401C68
:10EA600000900098B0F1706F01D90320E9E70869C0
:10EA700000F001000028F1D100BFE2E770B50446C4
:10EA80000B46224619785878012848D102F51060C3
:10EA900000EB4110006800F00040B0F1004F17D1CA
:10EAA00002F5106000EB4110006840F0006502F5CF
:10EAB000106000EB4110056002F5106000EB4110A2
:10EAC000006840F0804502F5106000EB41100560E1
:10EAD00040F63C0080581D7805F00F060125B54032
:10EAE000ADB2A84340F63C05A85040F61C00805843
:10EAF0001D7805F00F060125B540ADB2A84340F6DC
:10EB00001C05A85002F5106000EB411000682B4D69
:10EB1000284002F5106505EB411528604BE002F531
:10EB2000306000EB4110006800F00040B0F1004F91
:10EB300017D102F5306000EB4110006840F000652D
:10EB400002F5306000EB4110056002F5306000EB2B
:10EB50004110006840F0804502F5306000EB411044
:10EB6000056040F63C0080581D7805F00F06012531
:10EB7000B540134E06EA0545A84340F63C05A850AB
:10EB800040F61C008558187800F00F060120B040B0
:10EB90000B4E06EA0040854340F61C00855002F506
:10EBA000306000EB41100068064D284002F53065EA
:10EBB00005EB41152860002070BD0000007833ECA3
:10EBC0000000FFFF0078F3EF01460A46D2F8000E7E
:10EBD00020F00300C2F8000E40F60400805820F038
:10EBE000020340F6040083500020704701460A46A5
:10EBF000D2F8000E20F00300C2F8000E40F6040028
:10EC0000805840F0020340F6040083500020704713
:10EC10000FB4F0B5054600272E46002405E000217C
:10EC200005F5827040F82410641C0F2CF7D39DF872
:10EC30002200A0B940F60400805940F0020140F6DD
:10EC400004008151A86B20F40010A863286840F0EC
:10EC500040002860286840F08000286003E0A86B2E
:10EC600040F40010A8630020C6F8000E9DF81D00B7
:10EC700001280CD19DF81B0020B90021284600F086
:10EC800004FD08E00121284600F0FFFC03E0032119
:10EC9000284600F0FAFC1021284600F0FCFB00B1E9
:10ECA0000127284600F0CFFB00B1012700214FF4D7
:10ECB00001608151001D815140F61C0081510024EA
:10ECC0002EE006F5106000EB4410006800F00040F4
:10ECD000B0F1004F10D13CB94FF0006106F5106063
:10ECE00000EB441001600DE04FF0904106F510601C
:10ECF00000EB4410016005E0002106F5106000EB18
:10ED000044100160002106F5106000EB4410016121
:10ED10004FF67F3106F5106000EB44108160641CF3
:10ED20009DF81800A042CCD800242EE006F53060F3
:10ED300000EB4410006800F00040B0F1004F10D12B
:10ED40003CB94FF0006106F5306000EB4410016003
:10ED50000DE04FF0904106F5306000EB441001608B
:10ED600005E0002106F5306000EB44100160002151
:10ED700006F5306000EB441001614FF67F3106F577
:10ED8000306000EB44108160641C9DF81800A042C4
:10ED9000CCD84FF40160805920F480714FF40160A9
:10EDA00081510020A8616FF0804068619DF81A00D1
:10EDB00018B9A86940F01000A861A8690A49084379
:10EDC000A8619DF81E0018B1A86940F00800A8616C
:10EDD0009DF82200012803D1A86904490843A861CD
:10EDE0003846F0BC5DF814FB00383C80040000405D
:10EDF0000146886820F0010088600020704700000C
:10EE000070B503460C4619461D6C1848854209D951
:10EE10004FF43060405800F00040B0F1004F01D195
:10EE2000002070BD0026C1F8106BD1F8100B40F423
:10EE30000026C1F8106BD1F8100B40F01806C1F88D
:10EE4000106BD1F8100B40F0C046C1F8106B012CCC
:10EE500009D1C1F8142B4FF43060405840F080269F
:10EE60004FF4306046500020DBE700000A30544F7A
:10EE700030B504460B4622461978587801281ED131
:10EE800002F5106000EB4110006820F4001502F557
:10EE9000106000EB411005601879032802D0187942
:10EEA00002282AD102F5106000EB4110006840F002
:10EEB000805502F5106000EB411005601DE002F581
:10EEC000306000EB4110006820F4001502F530605E
:10EED00000EB411005601879032802D01879022848
:10EEE0000BD102F5306000EB4110006840F0805516
:10EEF00002F5306000EB41100560002030BD30B5F8
:10EF000004460B46224619785878012821D102F58B
:10EF1000106000EB4110006800F0004060B959B18A
:10EF200002F5106000EB4110006820F0804502F50A
:10EF3000106000EB4110056002F5106000EB41101D
:10EF4000006840F4001502F5106000EB4110056008
:10EF500020E002F5306000EB4110006800F0004056
:10EF600060B959B102F5306000EB4110006820F043
:10EF7000804502F5306000EB4110056002F530601D
:10EF800000EB4110006840F4001502F5306000EB22
:10EF900041100560002030BD2DE9F84381460E4642
:10EFA00017464D463478707801287DD1306920BBF2
:10EFB00005F5106000EB44100069E349084005F5D1
:10EFC000106101EB4411086105F5106000EB44107D
:10EFD000006940F4002105F5106000EB4410016168
:10EFE00005F5106000EB44100069C10CC90405F57B
:10EFF000106000EB441001616BE005F5106000EB60
:10F0000044100069C10CC90405F5106000EB441000
:10F01000016105F5106000EB44100069CA49084021
:10F0200005F5106101EB4411086194B9B1683069CC
:10F03000884201D9B068306105F5106000EB4410DA
:10F04000006940F4002105F5106000EB44100161F7
:10F0500014E0B16830690844401EB0FBF1F0BA49D1
:10F06000C94301EAC04005F5106101EB441109698B
:10F07000084305F5106101EB4411086105F51060C6
:10F0800000EB441000693169C1F31201084305F532
:10F09000106101EB441108613079012819D105F59F
:10F0A000106000EB441000E093E0006920F0C041E4
:10F0B00005F5106000EB4410016105F5106000EBF0
:10F0C0004410006940F0005105F5106000EB441059
:10F0D0000161012F36D1F06928B105F5106000EB10
:10F0E0004410F1694161307901281ED140F60800D1
:10F0F000405900F4807060B905F5106000EB4410D1
:10F10000006840F0005105F5106000EB441001600C
:10F110000BE005F5106000EB4410006840F08051F2
:10F1200005F5106000EB4410016005F5106000EB80
:10F130004410006840F0044105F5106000EB4410F5
:10F140000160FEE005F5106000EB4410006840F03F
:10F15000044105F5106000EB44100160307901288E
:10F160000FD030690028ECD040F634004059317897
:10F1700001F00F0201219140084340F6340148514B
:10F18000DFE040F60800405900F4807060B905F5F2
:10F19000106000EB4410006840F0005105F510606D
:10F1A00000EB441001600BE005F5106000EB44102B
:10F1B000006840F0805105F5106000EB44100160DC
:10F1C0000097308A83B232784846F16800F0DAFA64
:10F1D000B7E005F5306000EB44100069C10CC904CC
:10F1E00005F5306000EB4410016105F5306000EB7F
:10F1F000441000695449084005F5306101EB4411A1
:10F20000086104BB306908B1B0683061B068306231
:10F2100005F5306000EB44100069316AC1F312015A
:10F22000084305F5306101EB4411086105F53060D4
:10F2300000EB4410006940F4002105F5306000EB5C
:10F240004410016145E03069D0B905F5306000EB4C
:10F2500044100069B168C1F31201084305F530613B
:10F2600001EB4411086105F5306000EB44100069C2
:10F2700040F4002105F5306000EB4410016128E006
:10F28000B16830690844401EB0FBF1F01FFA80F805
:10F29000B06800FB08F0306205F5306000EB441008
:10F2A00000692949C94301EAC841084305F53061AD
:10F2B00001EB4411086105F5306000EB4410006972
:10F2C000316AC1F31201084305F5306101EB4411C5
:10F2D0000861012F07D1F06828B105F5306000EB17
:10F2E0004410F1684161307901281ED140F60800D0
:10F2F000405900F4807060B905F5306000EB4410AF
:10F30000006840F0005105F5306000EB44100160EA
:10F310000BE005F5306000EB4410006840F08051D0
:10F3200005F5306000EB4410016005F5306000EB3E
:10F330004410006840F0044105F5306000EB4410D3
:10F3400001600020BDE8F883FFFF07E078B50346C1
:10F350000024009400201A464C78012C35D10C78FA
:10F3600002F5106505EB4414246804F00044B4F180
:10F37000004F60D10C7805EB4414246844F000661B
:10F380000C7805EB441426600C7805EB44142468D3
:10F3900044F080460C7805EB4414266000BF009CC6
:10F3A000641C009442F21075009CAC4201D901200B
:10F3B0000AE00C7802F5106505EB4414246804F0AB
:10F3C0000044B4F1004FEAD035E00C7802F5306526
:10F3D00005EB4414246804F00044B4F1004F2AD132
:10F3E0000C7805EB4414246844F000660C7805EBB7
:10F3F000441426600C7805EB4414246844F08046DD
:10F400000C7805EB4414266000BF009C641C00943B
:10F4100042F21075009CAC4201D901200AE00C7840
:10F4200002F5306505EB4414246804F00044B4F19F
:10F43000004FEAD000BF78BD0146886840F0010067
:10F4400088600020704708B501460020009000BF8A
:10F450000098401C00900098B0F1706F01D9032013
:10F4600008BD086900F000400028F1D0002000909D
:10F470001020086100BF0098401C00900098B0F177
:10F48000706F01D90320EBE7086900F01000102825
:10F49000F1D00020E4E708B502460020009000BF4C
:10F4A0000098401C00900098B0F1706F01D90320C3
:10F4B00008BD106900F000400028F1D00020009045
:10F4C000202040EA8110106100BF0098401C00908D
:10F4D0000098B0F1706F01D90320E9E7106900F0DE
:10F4E00020002028F1D00020E2E710B501460B46AD
:10F4F00040F60804E45804F006020AB9002006E0C9
:10F50000022A01D0062A01D1022000E00F2010BDFE
:10F510000146486900F00100704701460B4640F67D
:10F520001800C258001DC058024090B270470146F2
:10F530000B4640F61800C258001DC0580240100C7F
:10F54000704770B5024613464FF40166F45840F612
:10F550003406F55801F00F0625FA06F606F0010606
:10F5600044EAC61403F5106606EB4116B66806EACF
:10F57000040070BD10B50246134603F5306404EB79
:10F580004114A06840F61404E458204010BD014620
:10F5900048698A69104070472DE9F04104460D46DC
:10F5A000274628464FEA920C02F0030300210AE0A6
:10F5B0004FF4805858F80780C0F80080401C401C69
:10F5C000401C401C491C6145F2D39BB100214FF403
:10F5D000805858F8076000BF4FEAC10826FA08F8BB
:10F5E00080F80080491C401CA3F101081FFA88F331
:10F5F000002BF1D1BDE8F08170B504460E46002520
:10F60000E06820F0C040E060012E10D1E06840F0DA
:10F610000050E06000BF0A20F5F788FA0A3520465E
:10F62000FFF776FF012815D0C82DF4D312E07EB97C
:10F63000E06840F08040E06000BF0A20F5F776FA0D
:10F640000A352046FFF764FF20B1C82DF5D301E04D
:10F65000012070BDC82D01D10120FAE70020F8E794
:10F6600010B502460B461146D1F8000820F4FE60A2
:10F67000C1F80008D1F800084FF4FE6404EA03144E
:10F680002043C1F80008002010BD02461346D3F8FD
:10F6900000080843C3F800080020704730B503464F
:10F6A0001446022C49D12D48814204D32C48814272
:10F6B00001D20F2245E02A48814204D329488142E1
:10F6C00001D20E223DE02748814204D326488142E0
:10F6D00001D20D2235E02448814204D323488142DF
:10F6E00001D20C222DE02148814204D320488142DE
:10F6F00001D20B2225E01E48814204D31D488142DD
:10F7000001D20A221DE01B48814204D31A488142DB
:10F7100001D2092215E01848814204D317488142DA
:10F7200001D208220DE01548814204D314488142D9
:10F7300001D2072205E0062203E00CB9092200E00D
:10F740000922D86820F47050D860D8684FF47055FA
:10F7500005EA82252843D860002030BDC0ACD8001F
:10F76000C0E1E4000024F40080730601A0491A01FE
:10F77000002D310140A44C0100366E0120ABA601E2
:10F780000048E8012DE9F04304460D461E46DDF829
:10F790001CC0A0462946BCF1000F12D1F01C8708FE
:10F7A00000230CE0D1F8009008F5805000EB023007
:10F7B000C0F80090491C491C491C491C5B1CBB42F9
:10F7C000F0D30020BDE8F08300BFFEE700BF00F0EB
:10F7D00001F8FCE740F2FF7200216F48F2F7ACFB42
:10F7E00002226E496C48F3F7B9FAD3E06B484088BF
:10F7F0006B490988084400EE100AB8EEC00ADFED34
:10F80000690A60EE200A9FED681A80EE810AF2EE26
:10F81000060A20EE200A654880ED000A90ED000AF5
:10F82000F1EE080AB4EEE00AF1EE10FA0DDD90ED0B
:10F83000000ADFED5F0AB4EEE00AF1EE10FA04D23E
:10F8400004215C48FAF77CFD03E004215948FAF7EB
:10F8500035FE564890ED000AF1EE080AB4EEE00AD3
:10F86000F1EE10FA76DD90ED000ADFED530AB4EE0A
:10F87000E00AF1EE10FA7DD2012050490870002212
:10F8800081034F48F6F786FA00224FF400514C48A6
:10F89000F6F780FA00242BE04A48B0F8E021B0F8EF
:10F8A000E411494800F049FA4648B0F84022B0F85F
:10F8B0004412454800F041FA4248B0F8A022B0F89E
:10F8C000A412414800F039FA3E48B0F80023B0F8DD
:10F8D00004133D4800F031FA3A48B0F86023B0F81C
:10F8E0006413394800F029FA052000F0D5FF641CA4
:10F8F000052CD1DB002429E0324802888188334876
:10F9000000F01BFA2F48B0F86020B0F864102F48C0
:10F9100000F013FA2B48B0F8C020B0F8C4102B4800
:10F9200000F00BFA2748B0F82021B0F8241127483E
:10F9300000F003FA2348B0F88021B0F8841123487E
:10F9400000F0FBF9052000F0A7FF641C052CD3DBB9
:10F9500000240CE00EE01E48B0F80023B0F80413B9
:10F960001C4800F0EAF9052000F096FF641C052C05
:10F97000F1DB0CE0012291031148F6F70BFA0122AA
:10F9800051030F48F6F706FA00200C49087064206E
:10F9900000F082FF2AE700005C0200240801002436
:10F9A000100100243333534000FF7F470C01002433
:10F9B000CDCCB441E80600249A99B141120100244B
:10F9C00000080258F481002444030024E4030024C6
:10F9D000B88500248404002402480068C0F3022093
:10F9E000704700000CED00E010B5002804DB0A07AA
:10F9F000130E054A135406E00A07140E034A00F0DA
:10FA00000F031B1FD45410BD00E400E018ED00E00C
:10FA100002E008C8121F08C1002AFAD170477047D7
:10FA2000002001E001C1121F002AFBD17047000035
:10FA300070B5044600220121204600F0B5FC0022EA
:10FA4000022104F1600000F0AFFC0022032104F168
:10FA5000C00000F0A9FC0022042104F5907000F021
:10FA6000A3FC0022052104F5C07000F09DFC0022DB
:10FA7000062104F5F07000F097FC0022072104F540
:10FA8000107000F091FC0022082104F5287000F0AD
:10FA90008BFC0022092104F5407000F085FC002554
:10FAA00008E0A1880122854801F04DFA032000F00A
:10FAB000F3FE6D1C052DF4DB002509E06420015BDD
:10FAC00002227E4801F03FFA032000F0E5FE6D1CA3
:10FAD000052DF3DB002509E0C420015B02227748F5
:10FAE00001F031FA032000F0D7FE6D1C052DF3DB89
:10FAF00000250AE04FF49270015B02226F4801F08A
:10FB000022FA032000F0C8FE6D1C052DF2DB002553
:10FB10000AE04FF4C270015B0122684801F013FA59
:10FB2000032000F0B9FE6D1C052DF2DB00250AE074
:10FB30004FF4F270015B0222604801F004FA0320E6
:10FB400000F0AAFE6D1C052DF2DB00250AE04FF443
:10FB50001170015B0222594801F0F5F9032000F011
:10FB60009BFE6D1C052DF2DB00250AE04FF4297089
:10FB7000015B0222514801F0E6F9032000F08CFEFF
:10FB80006D1C052DF2DB00250AE04FF44170015B8E
:10FB900002224A4801F0D7F9032000F07DFE6D1CD7
:10FBA000052DF2DB002508E02288A188434800F0FB
:10FBB000C1FB142000F070FE6D1C0A2DF4DB002543
:10FBC0000AE0B4F860206420015B3C4800F0B2FB1E
:10FBD000142000F061FE6D1C0A2DF2DB00250AE006
:10FBE000B4F8C020C420015B344800F0A3FB14200B
:10FBF00000F052FE6D1C0A2DF2DB00250BE0B4F87C
:10FC000020214FF49270015B2C4800F093FB1420EC
:10FC100000F042FE6D1C0A2DF1DB00250BE0B4F86C
:10FC200080214FF4C270015B244800F083FB142054
:10FC300000F032FE6D1C0A2DF1DB00250BE0B4F85C
:10FC4000E0214FF4F270015B1C4800F073FB1420BC
:10FC500000F022FE6D1C0A2DF1DB00250BE0B4F84C
:10FC600040224FF41170015B144800F063FB142034
:10FC700000F012FE6D1C0A2DF1DB00250BE0B4F83C
:10FC8000A0224FF42970015B0C4800F053FB1420B4
:10FC900000F002FE6D1C0A2DF1DB00250BE0B4F82C
:10FCA00000234FF44170015B044800F043FB142033
:10FCB00000F0F2FD6D1C0A2DF1DB70BD8404002400
:10FCC000F0B589B006460D4617461C460095002043
:10FCD00001900290082C01D803941CE00C2C02D156
:10FCE0000920039017E0102C02D10A20039012E0A3
:10FCF000142C02D10B2003900DE0182C02D10C2003
:10FD0000039008E0302C02D10E20039003E0402C39
:10FD100001D10F200390002004904FF48010059033
:10FD2000400006900020079008903A466946304609
:10FD3000F4F764FF002009B0F0BD2DE9FC41064650
:10FD40000C461546601987B2FF208DF800008DF82B
:10FD500001008DF802008DF803008DF804008DF885
:10FD600005008DF80600FD208DF8070008236A467F
:10FD700039463046FFF7A4FFBDE8FC8130B50346A5
:10FD80000C461546082D44D1207800F00F009880CD
:10FD900020780111D980A078617840EA012199602A
:10FDA000E0780001217940EA2111D9606079217958
:10FDB00001F00F0140EA012119611021F2EE090A58
:10FDC000BAEE090A986801F0DFF883ED070A0C2102
:10FDD000DFED100A9FED100AD86801F0D5F883ED29
:10FDE000080A0C21F2EE040ABAEE040A186901F0BE
:10FDF000CBF883ED090AA07900EE100AB8EE400AAC
:10FE000083ED0C0AE07900EE100AB8EE400A83EDAB
:10FE10000D0A30BD00004842000048C200B502464D
:10FE20001020B2EE091AFAEE090A9FED170A00F047
:10FE3000A2FA50650C209FED151ADFED150A9FED13
:10FE4000120A00F098FA90650C209FED121ADFED6F
:10FE50000E0A9FED0D0A00F08EFAD0640C20B1EE70
:10FE6000041ADFED090A9FED080A00F084FA106514
:10FE70000C20B2EE041AFAEE040A9FED030A00F019
:10FE80007AFAD06500BD0000000000000000484282
:10FE9000000048C20000FA4330B503460C46154640
:10FEA000082D44D1207800F00F00988020780111AF
:10FEB000D980A078617840EA01219960E07800015A
:10FEC000217940EA2111D9606079217901F00F018F
:10FED00040EA012119611021F2EE090ABAEE090A7D
:10FEE000986801F051F883ED070A0C21F3EE0E0A31
:10FEF000BBEE0E0AD86801F047F883ED080A0C2122
:10FF0000F2EE040ABAEE040A186901F03DF883ED36
:10FF1000090AA07900EE100AB8EE400A83ED0C0A37
:10FF2000E07900EE100AB8EE400A83ED0D0A30BD0C
:10FF300000B502461020B2EE091AFAEE090A9FED4A
:10FF4000170A00F018FA50650C20B3EE0E1AFBEEFB
:10FF50000E0A9FED120A00F00EFA90650C209FED3C
:10FF6000101ADFED0E0A9FED0D0A00F004FAD064BE
:10FF70000C20B1EE041ADFED090A9FED080A00F02B
:10FF8000FAF910650C20B2EE041AFAEE040A9FED9D
:10FF9000030A00F0F0F9D06500BD00000000000089
:10FFA0000000FA4310B503460C46E078A17840EA19
:10FFB0000121596520790001617940EA11119965A3
:10FFC000A079617901F00F0140EA0121D964E0795B
:10FFD0000001217A40EA11111965607A217A01F055
:10FFE0000F0140EA0121D9651021F2EE090ABAEEAB
:10FFF000090A586D00F0C8FF83ED110A0C21F3EED9
:020000040801F1
:100000000E0ABBEE0E0A986D00F0BEFF83ED120AD9
:100010000C21F2EE040ABAEE040AD86D00F0B4FF27
:1000200083ED100A0C21DFED0A0A9FED0A0AD86C55
:1000300000F0AAFF83ED0E0A0C21F1EE040A9FEDF9
:10004000050A186D00F0A0FF83ED0F0A10BD000037
:100050000000FA430000000030B503460C46154688
:10006000082D44D1207800F00F00988020780111ED
:10007000D980A078617840EA01219960E078000198
:10008000217940EA2111D9606079217901F00F01CD
:1000900040EA012119611021F2EE090ABAEE090ABB
:1000A000986800F071FF83ED070A0C21F2EE040A54
:1000B000BAEE040AD86800F067FF83ED080A0C2145
:1000C000F3EE0C0ABBEE0C0A186900F05DFF83ED3D
:1000D000090AA07900EE100AB8EE400A83ED0C0A76
:1000E000E07900EE100AB8EE400A83ED0D0A30BD4B
:1000F00000B502461020B2EE091AFAEE090A9FED89
:10010000170A00F038F950650C20B2EE041AFAEE26
:10011000040A9FED120A00F02EF990650C209FED65
:10012000101ADFED0E0A9FED0D0A00F024F9D064DD
:100130000C20B1EE041ADFED090A9FED080A00F069
:100140001AF910650C20B3EE0C1AFBEE0C0A9FEDA9
:10015000030A00F010F9D06500BD000000000000A7
:100160000000FA4310B503460C46E078A17840EA57
:100170000121596520790001617940EA11119965E1
:10018000A079617901F00F0140EA0121D964E07999
:100190000001217A40EA11111965607A217A01F093
:1001A0000F0140EA0121D9651021F2EE090ABAEEE9
:1001B000090A586D00F0E8FE83ED110A0C21F2EEF9
:1001C000040ABAEE040A986D00F0DEFE83ED120A0E
:1001D0000C21F3EE0C0ABBEE0C0AD86D00F0D4FE35
:1001E00083ED100A0C21DFED0A0A9FED0A0AD86C94
:1001F00000F0CAFE83ED0E0A0C21F1EE040A9FED19
:10020000050A186D00F0C0FE83ED0F0A10BD000056
:100210000000FA430000000030B503460C461546C6
:10022000082D44D1207800F00F009880207801112B
:10023000D980A078617840EA01219960E0780001D6
:10024000217940EA2111D9606079217901F00F010B
:1002500040EA012119611021F2EE090ABAEE090AF9
:10026000986800F091FE83ED070A0C21DFED100A7B
:100270009FED100AD86800F087FE83ED080A0C2174
:10028000F2EE080ABAEE080A186900F07DFE83ED66
:10029000090AA07900EE100AB8EE400A83ED0C0AB4
:1002A000E07900EE100AB8EE400A83ED0D0A30BD89
:1002B00000003442000034C200B502461020B2EE05
:1002C000091AFAEE090A9FED170A00F054F8506572
:1002D0000C209FED151ADFED150A9FED120A00F0B4
:1002E0004AF890650C209FED121ADFED0E0A9FED83
:1002F0000D0A00F040F8D0640C20B1EE041ADFEDD6
:10030000090A9FED080A00F036F810650C20B2EEDD
:10031000081AFAEE080A9FED030A00F02CF8D065DF
:1003200000BD00000000000000003442000034C2A4
:100330000000FA432DE9FC4106460C4615466019BB
:1003400087B2FF208DF800008DF801008DF80200C3
:100350008DF803008DF804008DF805008DF8060077
:10036000FC208DF8070008236A4639463046FFF71F
:10037000A7FCBDE8FC81014671EE602AF0EE621A2E
:10038000B0EE602A30EE423A01208840401E02EE74
:10039000900AF8EEE22A63EE222A82EEA13AFDEEFE
:1003A000C32A12EE900A70470280818070470000D5
:1003B000F5F708FDFBF77EFCFBF73BFAFAF734FF95
:1003C000FAF7D2FDFAF7EAFFFBF75AF8FAF78EFED2
:1003D000FBF796F8FAF702FEFAF744FEFAF764FD27
:1003E000FBF70EF804210F48FAF768F84FF4F070A5
:1003F000F1F73EFB0C48F9F701FD012251030B48D0
:10040000F5F7C8FC012291030848F5F7C3FCF1F7A2
:1004100067FBF1F7BFFBFAF7ADFE00F049FA00BF4A
:10042000FEE70000E80600249C06002400080258AD
:1004300001460020842901D0CA1C104470470000E6
:100440002DE9F04F2DED068B83B082460C46B0EEC1
:1004500040AAB0EE608AF0EE418AB0EE619AF0EE0A
:10046000429A1FFA84FB1020B2EE091AFAEE090A2A
:10047000B0EE4A0AFFF77FFF85B20C20B3EE0E1AEA
:10048000FBEE0E0AB0EE480AFFF775FF86B20C20AD
:100490009FED251ADFED250AB0EE680AFFF76BFF26
:1004A00087B20C20B1EE041ADFED200AB0EE490A43
:1004B000FFF761FF1FFA80F80C20B2EE041AFAEE83
:1004C000040AB0EE690AFFF756FF1FFA80F92812F6
:1004D0008DF80400E8B28DF80500C6F307108DF81A
:1004E00006003007000E40EA27208DF80700F8B21A
:1004F0008DF80800C8F307108DF809004FEA08705E
:10050000000E40EA29208DF80A0009F0FF008DF85E
:100510000B00082301AA59465046FFF7D1FB03B050
:10052000BDEC068BBDE8F08F0000FA430000000030
:100530002DE9F04F2DED068B83B082460C46B0EED0
:1005400040AAB0EE608AF0EE418AB0EE619AF0EE19
:10055000429A1FFA84FB1020B2EE091AFAEE090A39
:10056000B0EE4A0AFFF707FF85B20C20B2EE041A7C
:10057000FAEE040AB0EE480AFFF7FDFE86B20C2040
:100580009FED251ADFED250AB0EE680AFFF7F3FEAE
:1005900087B20C20B1EE041ADFED200AB0EE490A52
:1005A000FFF7E9FE1FFA80F80C20B3EE0C1AFBEE01
:1005B0000C0AB0EE690AFFF7DEFE1FFA80F9281276
:1005C0008DF80400E8B28DF80500C6F307108DF829
:1005D00006003007000E40EA27208DF80700F8B229
:1005E0008DF80800C8F307108DF809004FEA08706D
:1005F000000E40EA29208DF80A0009F0FF008DF86E
:100600000B00082301AA59465046FFF759FB03B0D7
:10061000BDEC068BBDE8F08F0000FA43000000003F
:100620002DE9F04F2DED068B83B082460C46B0EEDF
:1006300040AAB0EE608AF0EE418AB0EE619AF0EE28
:10064000429A1FFA84FB1020B2EE091AFAEE090A48
:10065000B0EE4A0AFFF78FFE85B20C209FED2A1AF2
:10066000DFED2A0AB0EE480AFFF785FE86B20C20BD
:100670009FED271ADFED270AB0EE680AFFF77BFE31
:1006800087B20C20B1EE041ADFED220AB0EE490A5F
:10069000FFF771FE1FFA80F80C20B2EE081AFAEE8E
:1006A000080AB0EE690AFFF766FE1FFA80F9281201
:1006B0008DF80400E8B28DF80500C6F307108DF838
:1006C00006003007000E40EA27208DF80700F8B238
:1006D0008DF80800C8F307108DF809004FEA08707C
:1006E000000E40EA29208DF80A0009F0FF008DF87D
:1006F0000B00082301AA59465046FFF7E1FA03B060
:10070000BDEC068BBDE8F08F00003442000034C21F
:100710000000FA43000000002DE9F04F2DED068B9C
:1007200083B082460C46B0EE40AAB0EE608AF0EE8E
:10073000418AB0EE619AF0EE429A1FFA84FB1020D3
:10074000B2EE091AFAEE090AB0EE4A0AFFF713FEF2
:1007500085B20C209FED2A1ADFED2A0AB0EE480A76
:10076000FFF709FE86B20C209FED271ADFED270A5E
:10077000B0EE680AFFF7FFFD87B20C20B1EE041A55
:10078000DFED220AB0EE490AFFF7F5FD1FFA80F807
:100790000C20B2EE041AFAEE040AB0EE690AFFF772
:1007A000EAFD1FFA80F928128DF80400E8B28DF8EE
:1007B0000500C6F307108DF806003007000E40EA6A
:1007C00027208DF80700F8B28DF80800C8F307104D
:1007D0008DF809004FEA0870000E40EA29208DF8D4
:1007E0000A0009F0FF008DF80B00082301AA594602
:1007F0005046FFF765FA03B0BDEC068BBDE8F08FFD
:1008000000004842000048C20000FA430000000017
:100810002DE9FE4F83460D461446A8B20090B4F869
:10082000540086B2B4F8580087B2B4F84C001FFAEE
:1008300080F8B4F850001FFA80F9B4F85C001FFA91
:1008400080FA30128DF80400F0B28DF80500C7F37D
:1008500007108DF806003807000E40EA28208DF8B2
:10086000070008F0FF008DF80800C9F307108DF8A5
:1008700009004FEA0970000E40EA2A208DF80A00AC
:100880000AF0FF008DF80B00082301AA58460099D2
:10089000FFF716FABDE8FE8F70B5044625460DB188
:1008A000294600E00121084600F080FC002070BDD0
:1008B00010B500F0A9FC002010BDFEB504460D46A1
:1008C000B4F90800FFF7B4FD064602A8CDE90060C0
:1008D000238A9AB22B46D4E9001000F0DBFD0128F0
:1008E00001D00020FEBD0298FCE72DE9F3412DED7B
:1008F000020B82B007460E4606F580701FFA80F89C
:1009000002AC03AD20788DF8000060788DF801000E
:10091000A0788DF80200E0788DF8030028788DF833
:10092000040068788DF80500A8788DF80600E8784E
:100930008DF8070008236A4641463846FFF7C0F99C
:1009400006B0BDE8F08100002DE9F04105460E46F5
:100950001C4807681C480068001D00F02FFB50B9B8
:100960001948006890F82C10012088401749096840
:10097000814316480160681C38B936B112480168D5
:10098000091D134800F058FB1AE07C190E48006856
:100990004460BC4207D20C480168091D0D4800683C
:1009A00000F030FB0CE008480168091D0A480068A7
:1009B00000F028FB09480068844201D2074804601F
:1009C000BDE8F081440000243000002448000024E9
:1009D000E0090024380000243400002460000024D2
:1009E00010B5044600F034FB23480068401C22493F
:1009F00008602248006840B9204804600846006842
:100A000001280DD100F020F90AE01D48006838B92E
:100A10001A480068C06AE16A884201D81748046031
:100A200018480068401C1749086094F82C100120F1
:100A3000884015490968084313490860E16A01EBD9
:100A40008101124A02EB8100211D00F0F5FA00F04D
:100A500029FB0B48006868B108480068C06AE16A71
:100A6000884207D24FF0805009490860BFF34F8F8A
:100A7000BFF36F8F10BD0000400000243000002441
:100A80004C0000245C0000244800002404090024D9
:100A900004ED00E010B516E000F0DAFA0C48C0688A
:100AA000C468201D00F08AFA0A480068401E0949FF
:100AB000086009480068401E0749086000F0F2FA23
:100AC000204600F00BF8044800680028E4D110BD6F
:100AD000CC090024400000243C00002410B504464A
:100AE000206B00F0FDFA204600F0FAFA10BD00007D
:100AF00030B54FF4F043174800F007042CB1C01D87
:100B000020F00700134C041B1B1B0246124C2260F2
:100B10000024114D6C60D018083820F007000F4CED
:100B2000206000240D4D2D686C600C4D2D682C60EC
:100B30001146441A4C60094C24680C60084D4C68FE
:100B40002C60084D4C682C604FF00044064D2C6022
:100B500030BD0000F40900246C000024740000245F
:100B60007C000024780000248800002400BFFFF7E8
:100B700091FF064800680128F9D94FF080500449D8
:100B80000860BFF34F8FBFF36F8FF0E704090024B5
:100B900004ED00E02DE9FF5F81460E469246DDE957
:100BA0000E7B109CAAF10100216B01EB800828F05C
:100BB000070808F0070008B9012000E0002050B93C
:100BC00000BF502080F31188BFF34F8FBFF36F8FAA
:100BD00000BF00BFFEE786B1002507E0715D04F1AC
:100BE00034004155705D00B902E06D1C102DF5D345
:100BF00000BF00214320015502E0002084F83400AA
:100C0000072F00D30627E76267640020A064201D39
:100C100000F0F5F904F1180000F0F1F92461C7F1D2
:100C20000700A06164620020E06484F85000494637
:100C30004046039A00F050F92060BBF1000F01D04C
:100C4000CBF80040BDE8FF9F10B5002407E004EB9F
:100C500084010F4A02EB810000F0C4F9641C072CE8
:100C6000F5D30C4800F0BEF90B4800F0BBF90B4877
:100C700000F0B8F90A4800F0B5F90A4800F0B2F9F6
:100C800004480949086004480849086010BD00008C
:100C90000409002490090024A4090024B8090024B0
:100CA000CC090024E009002434000024380000248A
:100CB00010B50146164800E0006803688B42FBD37C
:100CC0000246436813448B4204D143684C68234472
:100CD000436001460A464B6813440468A34211D19D
:100CE0000C4C03682468A34208D04B68046864680D
:100CF00023444B6003681B680B6005E0054B1B68D1
:100D00000B6001E003680B60884200D0016010BDF9
:100D10006C000024740000240A490968096809B9B4
:100D2000012100E0002121B14FF0FF31064A11609E
:100D300006E004490968C968C868034A4168116047
:100D40007047000034000024600000240E48006852
:100D5000401C08B9012000E0002050B900BF50201D
:100D600080F31188BFF34F8FBFF36F8F00BF00BFB9
:100D7000FEE700BF502080F31188BFF34F8FBFF311
:100D80006F8F00BF00BFFEE78C0000242DE9F0410B
:100D900004464FF0000800F07BFA4948006808B9A3
:100DA000FFF7A6FE474800682040002870D1D4B164
:100DB000083404F00700B0B104F00700C0F10800E7
:100DC000044404F0070008B9012000E0002050B9F5
:100DD00000BF502080F31188BFF34F8FBFF36F8F98
:100DE00000BF00BFFEE7002C52D0374800688442A5
:100DF0004ED8364E3046056801E02E462D686868AC
:100E0000A04202D228680028F7D12D480068854208
:100E10003ED0306800F10808286830606868001B20
:100E2000102819D92F1907F0070008B9012000E090
:100E3000002050B900BF502080F31188BFF34F8FBE
:100E4000BFF36F8F00BF00BFFEE76868001B7860CC
:100E50006C603846FFF72CFF1B4968680968081A60
:100E6000194908600846006819490968884203D290
:100E700015480068164908601249686809680843FF
:100E800068600020286013480068401C1149086011
:100E900000F0D4FB08F0070008B9012000E00020B2
:100EA00050B900BF502080F31188BFF34F8FBFF3BC
:100EB0006F8F00BF00BFFEE74046BDE8F081000035
:100EC0007400002488000024780000246C000024B2
:100ED0007C00002480000024001F4FF0807303601A
:100EE000001F21F001030360001F054B036014384D
:100EF0000260001F6FF0020303602038704700009B
:100F00004D0D01082DE9FC4106460C4615466019B9
:100F100087B2FF208DF800008DF801008DF80200E7
:100F20008DF803008DF804008DF805008DF806009B
:100F3000FE208DF8070008236A4639463046FEF742
:100F4000BFFEBDE8FC817CB506460C461546E0B206
:100F50008DF8000020128DF8010055208DF8020058
:100F60000A208DF803008DF8045000208DF805004C
:100F70008DF806008DF8070008236A4640F2FF71DD
:100F80003046FEF79DFE7CBDB0EE401A30EEC10A41
:100F9000F0EE401AB0EE412A00EE100AB8EEC00A98
:100FA00060EE212A01228A40521E00EE102AB8EE7D
:100FB000C03A82EE830A30EE020A704701460A699F
:100FC000D1E901309860D1E9010358605068884246
:100FD00001D188685060002008611068401E1060D0
:100FE0001068704700F1080141604FF0FF318160E7
:100FF00000F10801C160016100210160704700211A
:101000000161704710B502460B685C1C0CB9106991
:1010100007E002F1080000E04068446824689C4250
:10102000FAD944684C604C68A160886041600A61EC
:101030001468641C146010BD42684A6093688B6039
:10104000936859609160086103685B1C0360704796
:1010500000BF502080F31188BFF34F8FBFF36F8F15
:1010600000BF0E480068401C0C4908600846006834
:10107000012812D10A480068C0B208B9012000E076
:10108000002050B900BF502080F31188BFF34F8F6C
:10109000BFF36F8F00BF00BFFEE770478C000024D6
:1010A00004ED00E00D48006850B900BF502080F307
:1010B0001188BFF34F8FBFF36F8F00BF00BFFEE7F4
:1010C00006480068401E054908600846006820B9C7
:1010D000002080F3118800BF00BF70478C000024FF
:1010E00070B506463546002E44D0083D2C462249B0
:1010F00060680968084008B1012000E0002050B98C
:1011000000BF502080F31188BFF34F8FBFF36F8F64
:1011100000BF00BFFEE7206808B9012000E0002002
:1011200050B900BF502080F31188BFF34F8FBFF339
:101130006F8F00BF00BFFEE70F4960680968084075
:10114000C0B12068B0B90C49606809688843606024
:1011500000F09EF80949606809680844074908607A
:101160002046FFF7A5FD06480068401C04490860BA
:1011700000F064FA70BD00008800002478000024AC
:101180008400002400204FF0E021086188610648B7
:1011900000684FF47A71B0FBF1F0401E4FF0E0218F
:1011A00048610720086170472800002470B5044694
:1011B0000025D4B11248006808B9012000E00020E1
:1011C00050B900BF502080F31188BFF34F8FBFF399
:1011D0006F8F00BF00BFFEE700F05AF800212046E5
:1011E000FFF7B2FB00F02AFA05463DB94FF08050F8
:1011F00004490860BFF34F8FBFF36F8F70BD0000CD
:101200006800002404ED00E01CB51A4800210B46DC
:101210008022CDE9001018A1194800F03BF90446DE
:10122000012C15D100BF502080F31188BFF34F8FE0
:10123000BFF36F8F00BF4FF0FF30124908600120ED
:101240001149086000201149086000F06FF810E0B3
:10125000601C08B1012000E0002050B900BF502000
:1012600080F31188BFF34F8FBFF36F8F00BF00BFB4
:10127000FEE71CBD6400002449444C45000000000A
:101280006D0B0108600000244C0000244400002481
:1012900002480068401C014908607047680000244B
:1012A0001D48006818B101201C49086032E0002088
:1012B0001A4908601A480068B0FA80F0C0F11F01AE
:1012C00001EB8100174A52F8200008B1012000E02C
:1012D000002050B900BF502080F31188BFF34F8F1A
:1012E000BFF36F8F00BF00BFFEE701EB81020D4B24
:1012F00003EB820042685268426000F108024368D2
:10130000934202D14268526842604268D268064BFA
:101310001A6000BF704700006800002454000024D9
:101320004800002404090024300000241CB5524861
:1013300000685249884201D0012000E0002050B9E5
:1013400000BF502080F31188BFF34F8FBFF36F8F22
:1013500000BF00BFFEE7484800684849491E884270
:1013600001D0012000E0002050B900BF502080F3E0
:101370001188BFF34F8FBFF36F8F00BF00BFFEE731
:101380003F49084600780190FF200A461070084641
:10139000007800909DF8000000F0F0009DF800201B
:1013A000904201D1012000E0002050B900BF502040
:1013B00080F31188BFF34F8FBFF36F8F00BF00BF63
:1013C000FEE79DF8000000F050002E4A1070072044
:1013D0002D4A106009E02C480068401E2A4A10601F
:1013E0009DF800004006000E00909DF8000000F0FF
:1013F00080008028EFD024480068C0F1070004284E
:1014000001D1012000E0002050B900BF502080F33E
:101410001188BFF34F8FBFF36F8F00BF00BFFEE790
:10142000194800680002184A10601046008800F44D
:10143000E0601060124A019810700F482030006878
:1014400040F470000C49203108600846006840F004
:1014500070400860FFF796FE00200C490860EEF728
:1014600065FF0B48006840F0404009490860EEF70E
:1014700049FF00201CBD000000ED00E071C20F41DB
:1014800000E400E090000024940000248C0000247C
:1014900034EF00E02DE9FF4F85B0804689461746BE
:1014A000DDE912ABB800FFF771FC064656B15420D7
:1014B000FFF76CFC04460CB1266304E03046FFF7EE
:1014C0000FFE00E000247CB10020CDE900ABCDE9A7
:1014D00002403A4649464046089BFFF75BFB2046E0
:1014E000FFF77EFA012501E04FF0FF35284609B0ED
:1014F000BDE8F08F2DE9F0414FF000084448006846
:1015000000287CD143480068451C4248056015BB53
:1015100041480068006808B9012000E0002050B987
:1015200000BF502080F31188BFF34F8FBFF36F8F40
:1015300000BF00BFFEE738480768384800683649F2
:1015400008603648076036480068401C3449086027
:10155000FFF7E2FB00BF3348006885423CD300BF81
:101560002D480068006808B9012000E0002020B183
:101570004FF0FF302B4908602DE027480068C06815
:10158000C4686668B54202D22648066023E0201D82
:10159000FFF714FDA06A18B104F11800FFF70EFD63
:1015A00094F82C10012088401F49096808431E49FF
:1015B0000860E16A01EB81011C4A02EB8100211DF8
:1015C000FFF73AFD1A49E06A0968C96A8842C7D339
:1015D0004FF00108C4E700BF15480068C06A00EB7F
:1015E0008000124951F82000012801D94FF001086C
:1015F0001048006808B14FF0010805E0FFE70E4809
:101600000068401C0C4908604046BDE8F0810000BD
:101610006800002444000024340000243800002422
:10162000580000246000002448000024040900241D
:1016300030000024540000245000002470B5002421
:1016400000263648006850B900BF502080F311884A
:10165000BFF34F8FBFF36F8F00BF00BFFEE7FFF7F1
:10166000F7FC2E480068401E2C49086008460068B8
:1016700000284FD12A48006800284BD024E0294890
:10168000C068C46804F11800FFF798FC201DFFF73C
:1016900095FC94F82C1001208840234909680843E0
:1016A00021490860E16A01EB8101204A02EB8100D7
:1016B000211DFFF7C1FC1E49E06A0968C96A88421A
:1016C00002D301201B4908601648006808B90120B0
:1016D00000E000200028D2D00CB1FFF71DFB164817
:1016E000056865B100BFFFF705FF10B10120114982
:1016F00008606D1E002DF6D100200F4908600D48CE
:10170000006838B1012630070C490860BFF34F8FDD
:10171000BFF36F8FFFF7C6FC304670BD6800002432
:1017200040000024B80900244800002404090024D3
:1017300030000024540000245000002404ED00E098
:10174000A018010873BC00080000000000000000A1
:101750008000000074180108D11000080200000089
:10176000000000000002000064180108AD0E00082F
:1017700002000000000000000002000084180108C0
:10178000A50E00080200000000000000000200009A
:10179000941801087D080008010000000000000006
:1017A0000002000054180108CDF7000800000000F6
:1017B0000000000080000000000610160006101651
:1017C0000001020304050607080C1014182030401D
:1017D0000000000000000000000000000000000009
:1017E00000000000010000000200000003000000F3
:1017F00004000000000000000500000000000000E0
:1018000000000000000000000600000000000000D2
:1018100000000000000000000700000001000200BE
:101820000400060008000A000C0010002000400020
:101830008000000101010103070100000804020407
:101840000801010100000000010203040102030479
:1018500006070809564255535F434845434B5F54BA
:1018600041534B00434841535349534C5F544153F8
:101870004B00000043484153534953525F54415376
:101880004B000000434F4E4E4543545F5441534B71
:1018900000000000424F44595F5441534B00000088
:1018A00064656661756C745461736B00CC180108D3
:1018B000000000245C020000D4040008A8190108FC
:1018C0005C0200241CAE000020FA00080120321047
:1018D00042013C90D00304015B1AAA0181397401D2
:1018E0001709221C091A24011C1A7A3909363CC12D
:1018F000133DDB1B0885041A95041AC1041301DC8F
:101900001B0809081A4D04411312011402020216A1
:1019100040830440571D020102037514050F0C1C7F
:101920000107101721071A040309041A0313310BC6
:101930001B082D0413E90A1B0855084B610E5813A8
:101940000A06293F2A40C41B05D27812D04C084F02
:10195000D41C1AD50C13F5CE4C08B9CF10811379CD
:10196000D11B0835041AC1041A25041C090243932B
:101970001125C03209041B01020B130524161001A6
:1019800005240118090104240202052406A81505EE
:101990008203081C100904C9320A2E0705010240FF
:0819A000072A8107248101825E
:04000005080002CD20
:00000001FF
